gene_id	name	dependency_score	essential	retained
b3607	cysE	1	essential	1
b3187	ispB	1	essential	0
b0907	serC	1	essential	1
b1281	pyrF	1	essential	1
b3843	ubiD	1	essential	0
b2311	ubiX	1	essential	0
b0778	bioD	1	essential	1
b3041	ribB	1	essential	1
b0175	cdsA	1	essential	0
b3809	dapF	1	essential	1
b3991	thiG	1	essential	0
b3642	pyrE	1	essential	1
b2838	lysA	1	essential	1
b2263	menH	1	essential	0
b3368	cysG	1	essential	1
b0121	speE	1	essential	1
b3774	ilvC	1	essential	1
b0103	coaE	1	essential	1
b0776	bioF	1	essential	0
b1264	trpE	1	essential	0
b3939	metB	1	essential	0
b1263	trpD	1	essential	1
b0414	ribD	1	essential	0
b3058	folB	1	essential	0
b0736	ybgC	1	essential	0
b2262	menB	1	essential	0
b3433	asd	1	essential	1
b3930	menA	1	essential	0
b1288	fabI	1	essential	0
b2315	folC	1	essential	1
b2478	dapA	1	essential	1
b0031	dapB	1	essential	1
b0420	dxs	1	essential	1
b0586	entF	1	essential	0
b2751	cysN	1	essential	1
b0594	entE	1	essential	0
b0596	entA	1	essential	0
b2752	cysD	1	essential	1
b3172	argG	1	essential	0
b3771	ilvD	1	essential	1
b3960	argH	1	essential	1
b3648	gmk	1	essential	1
b2472	dapE	1	essential	1
b1098	tmk	1	essential	1
b2264	menD	1	essential	0
b0173	dxr	1	essential	0
b0720	gltA	1	essential	0
b3992	thiF	1	essential	0
b3990	thiH	1	essential	0
b1912	pgsA	1	essential	0
b0423	thiI	1	essential	0
b4407	thiS	1	essential	0
b2818	argA	1	essential	1
b3959	argB	1	essential	1
b0781	moaA	1	essential	0
b2827	thyA	1	essential	1
b0386	proC	1	essential	0
b0417	thiL	1	essential	1
b0914	msbA	1	essential	0
b3993	thiE	1	essential	0
b3412	bioH	1	essential	0
b3974	coaA	1	essential	0
b1260	trpA	1	essential	1
b1261	trpB	1	essential	1
b3255	accB	1	essential	0
b3256	accC	1	essential	0
b2316	accD	1	essential	0
b0185	accA	1	essential	0
b0783	moaC	1	essential	0
b3994	thiC	1	essential	0
b3833	ubiE	1	essential	0
b0774	bioA	1	essential	1
b0133	panC	1	essential	1
b2260	menE	1	essential	0
b0087	mraY	1	essential	1
b2261	menC	1	essential	0
b2762	cysH	1	essential	0
b3199	lptC	1	essential	0
b3200	lptA	1	essential	0
b4262	lptG	1	essential	0
b2780	pyrG	1	essential	0
b3201	lptB	1	essential	0
b3957	argE	1	essential	1
b0052	pdxA	1	essential	0
b1091	fabH	1	essential	0
b2564	pdxJ	1	essential	0
b2320	pdxB	1	essential	0
b2038	rfbC	1	essential	0
b2040	rfbD	1	essential	0
b0915	lpxK	1	essential	0
b3176	glmM	1	essential	1
b0166	dapD	1	essential	1
b4261	lptF	1	essential	0
b2877	mocA	1	essential	0
b2020	hisD	1	essential	1
b2022	hisB	1	essential	1
b1092	fabD	1	essential	0
b0134	panB	1	essential	1
b0009	mog	1	essential	0
b1069	murJ	1	essential	1
b0154	hemL	1	essential	0
b0785	moaE	1	essential	0
b0826	moeB	1	essential	0
b1062	pyrC	1	essential	1
b3941	metF	1	essential	1
b2103	thiD	1	essential	0
b0142	folK	1	essential	0
b3608	gpsA	1	essential	0
b2400	gltX	1	essential	1
b0003	thrB	1	essential	1
b1210	hemA	1	essential	0
b4013	metA	1	essential	0
b3967	murI	1	essential	1
b2021	hisC	1	essential	1
b2312	purF	1	essential	0
b3805	hemC	1	essential	1
b1277	ribA	1	essential	1
b2153	folE	1	essential	0
b2947	gshB	1	essential	1
b2942	metK	1	essential	1
b2747	ispD	1	essential	1
b2746	ispF	1	essential	1
b2515	ispG	1	essential	1
b0025	ribF	1	essential	1
b4040	ubiA	1	essential	0
b0784	moaD	1	essential	0
b3052	hldE	1	essential	0
b3624	waaZ	1	essential	0
b0428	cyoE	1	essential	1
b3630	waaP	1	essential	0
b3625	waaY	1	essential	0
b3621	waaC	1	essential	0
b3620	waaF	1	essential	0
b2507	guaA	1	essential	0
b3632	waaQ	1	essential	0
b3623	waaU	1	essential	0
b3730	glmU	1	essential	1
b0200	gmhB	1	essential	0
b3633	waaA	1	essential	0
b0109	nadC	1	essential	0
b0073	leuB	1	essential	0
b0072	leuC	1	essential	0
b0071	leuD	1	essential	0
b0928	aspC	1	essential	0
b1415	aldA	1	essential	0
b0074	leuA	1	essential	0
b2574	nadB	1	essential	0
b0918	kdsB	1	essential	0
b3198	kdsC	1	essential	0
b0182	lpxB	1	essential	0
b4245	pyrB	1	essential	1
b1215	kdsA	1	essential	0
b2232	ubiG	1	essential	0
b0029	ispH	1	essential	1
b0421	ispA	1	essential	0
b1693	aroD	1	essential	0
b0131	panD	1	essential	0
b3389	aroB	1	essential	1
b1855	lpxM	1	essential	0
b1054	lpxL	1	essential	0
b3177	folP	1	essential	0
b0583	entD	1	essential	0
b0628	lipA	1	essential	1
b2688	gshA	1	essential	1
b2615	nadK	1	essential	1
b2530	iscS	1	essential	0
b3807	cyaY	1	essential	1
b1740	nadE	1	essential	1
b0475	hemH	1	essential	0
b1136	icd	1	essential	0
b3430	glgC	1	essential	0
b0595	entB	1	essential	0
b3626	waaR	1	essential	0
b3729	glmS	1	essential	1
b3631	waaG	1	essential	0
b3429	glgA	1	essential	0
b2025	hisF	1	essential	1
b2023	hisH	1	essential	1
b1262	trpC	1	essential	0
b3770	ilvE	1	essential	0
b3628	waaB	1	essential	0
b2764	cysJ	1	essential	0
b2763	cysI	1	essential	1
b0639	nadD	1	essential	1
b1236	galU	1	essential	0
b3627	waaO	1	essential	0
b3966	btuB	1	essential	0
b1252	tonB	1	essential	0
b0908	aroA	1	essential	1
b3006	exbB	1	essential	0
b3005	exbD	1	essential	0
b0096	lpxC	1	essential	0
b0086	murF	1	essential	1
b2024	hisA	1	essential	1
b2557	purL	1	essential	0
b2476	purC	1	essential	0
b3040	zupT	1	essential	0
b2026	hisI	1	essential	0
b2750	cysC	1	essential	1
b1131	purB	1	essential	1
b0181	lpxA	1	essential	0
b4005	purD	1	essential	0
b1208	ispE	1	essential	1
b4177	purA	1	essential	0
s0001		1	essential	0
b0174	ispU	1	essential	0
b3850	hemG	1	essential	0
b3972	murB	1	essential	1
b0091	murC	1	essential	1
b2599	pheA	1	essential	0
b2600	tyrA	1	essential	0
b2329	aroC	1	essential	1
b4039	ubiC	1	essential	0
b0088	murD	1	essential	1
b0090	murG	1	essential	1
b3189	murA	1	essential	1
b2499	purM	1	essential	0
b0750	nadA	1	essential	0
b2687	luxS	1	essential	0
b1662	ribC	1	essential	0
b0415	ribE	1	essential	1
b3629	waaS	1	essential	0
b3360	pabA	1	essential	0
b0180	fabZ	1	essential	1
b1812	pabB	1	essential	0
b0222	gmhA	1	essential	0
b1096	pabC	1	essential	0
b1093	fabG	1	essential	1
b2323	fabB	1	essential	0
b0120	speD	1	essential	1
b0827	moeA	1	essential	0
b2019	hisG	1	essential	1
b4160	psd	1	essential	0
b4214	cysQ	1	essential	1
b0775	bioB	1	essential	1
b0004	thrC	1	essential	1
b0524	lpxH	1	essential	0
b0159	mtn	1	essential	0
b3634	coaD	1	essential	1
b3997	hemE	1	essential	0
b3196	yrbG	1	essential	0
b1094	acpP	1	essential	1
b1270	btuR	1	essential	0
b3804	hemD	1	essential	0
b0158	btuF	1	essential	0
b2585	pssA	1	essential	0
b1709	btuD	1	essential	0
b1711	btuC	1	essential	0
b3857	mobA	1	essential	0
b0522	purK	1	essential	0
b0369	hemB	1	essential	0
b3639	dfp	1	essential	0
b0179	lpxD	1	essential	0
b4006	purH	1	essential	1
b3018	plsC	1	essential	0
b0523	purE	1	essential	0
b0085	murE	1	essential	1
b3958	argC	1	essential	1
b3359	argD	1	essential	0
b3619	hldD	1	essential	0
b0777	bioC	0.999999999823468	essential	0
b3732	atpD	0.591867049922167	partial	1
b3731	atpC	0.591867049922165	partial	0
b3736	atpF	0.591867049922163	partial	0
b3735	atpH	0.591867049922161	partial	0
b3734	atpA	0.59186704992216	partial	1
b3733	atpG	0.59186704992216	partial	1
b3738	atpB	0.59186704992216	partial	1
b3737	atpE	0.59186704992216	partial	1
b2926	pgk	0.126243228348593	partial	0
b1779	gapA	0.126243228348582	partial	0
b2280	nuoJ	0.110942324136858	partial	1
b2281	nuoI	0.110942324135474	partial	1
b2288	nuoA	0.110942324133761	partial	0
b2282	nuoH	0.11094232413309	partial	1
b2283	nuoG	0.110942324133079	partial	1
b2277	nuoM	0.110942324133078	partial	1
b2284	nuoF	0.110942324133077	partial	1
b2286	nuoC	0.110942324133075	partial	1
b2285	nuoE	0.110942324133073	partial	1
b2278	nuoL	0.110942324133072	partial	1
b2276	nuoN	0.110942324133071	partial	0
b2287	nuoB	0.110942324133003	partial	0
b2279	nuoK	0.110942324130287	partial	1
b0431	cyoB	0.0907236350546757	partial	1
b0432	cyoA	0.0907236350239144	partial	1
b0430	cyoC	0.0907236350238855	partial	1
b0429	cyoD	0.0907236350238727	partial	1
b2779	eno	0.0776567175765359	partial	1
b3919	tpiA	0.035425234249338	partial	1
b1761	gdhA	0.0335742703987366	partial	0
b0116	lpd	0.029125536078023	partial	0
b0723	sdhA	0.0272758664531156	partial	0
b0722	sdhD	0.0272758664531151	partial	0
b0724	sdhB	0.027275866453113	partial	0
b0721	sdhC	0.0272758664531044	partial	0
b4388	serB	0.0211737100236866	partial	0
b2913	serA	0.0211737100236656	partial	0
b0114	aceE	0.0171509643857247	partial	1
b0115	aceF	0.0171509643857075	partial	1
b3236	mdh	0.016605198045718	partial	0
b2501	ppk	0.0147173992606856	partial	0
b2551	glyA	0.0139298169888542	partial	0
b0529	folD	0.011508989917055	partial	1
b2416	ptsI	0.0105552037046642	partial	1
b2415	ptsH	0.0105552037046633	partial	0
b0452	tesB	0.00979889389273295	nonessential	0
b0221	fadE	0.00979889389272912	nonessential	0
b2836	aas	0.0097988602004175	nonessential	0
b2029	gnd	0.0067002325063177	nonessential	0
b0767	pgl	0.00670023239683984	nonessential	1
b1852	zwf	0.00670023239683173	nonessential	1
b4025	pgi	0.00632708980413742	nonessential	1
b0727	sucB	0.00537447536993458	nonessential	1
b0726	sucA	0.00537447536992738	nonessential	0
b3846	fadB	0.0032203008013521	nonessential	0
b0728	sucC	0.0031609433421785	nonessential	0
b0729	sucD	0.00316094334216286	nonessential	0
b3956	ppc	0.00303665511344304	nonessential	0
b3844	fre	0.00208762747235582	nonessential	0
b0910	cmk	0.00204248419069354	nonessential	0
b2500	purN	0.00150612841431283	nonessential	0
b4208	cycA	0.00113650976879225	nonessential	0
b2508	guaB	0.00098432004302382	nonessential	0
b3744	asnA	0.000974659200712125	nonessential	0
b0242	proB	0.000893864962736128	nonessential	0
b0243	proA	0.000893864962730051	nonessential	0
b1206	dauA	0.000786540039557949	nonessential	0
b3708	tnaA	0.000287489296267475	nonessential	0
b2903	gcvP	0.000175556552104533	nonessential	0
b2905	gcvT	0.000175556552100481	nonessential	0
b2904	gcvH	0.000175556552100481	nonessential	0
b1378	pfo	0.000111884073490263	nonessential	0
b4238	nrdD	0.000104986008046417	nonessential	0
b2436	hemF	8.54447898077872e-05	nonessential	0
b4468	glcE	2.04337699144245e-05	nonessential	0
b4467	glcF	2.04337699144245e-05	nonessential	0
b2979	glcD	2.04337699022702e-05	nonessential	0
b4209	ytfE	1.16018641806536e-05	nonessential	0
b3926	glpK	6.67875352997661e-06	nonessential	0
b2528	iscA	2.19085025442067e-06	nonessential	0
b2529	iscU	2.19085024665541e-06	nonessential	1
b3816	corA	1.27868680592673e-06	nonessential	0
b3835	ubiB	2.321958546109e-07	nonessential	0
b2907	ubiH	2.32195849884222e-07	nonessential	0
b0662	ubiF	2.32195845045003e-07	nonessential	0
b3478	nikC	0	nonessential	0
b3477	nikB	0	nonessential	0
b2866	xdhA	0	nonessential	0
b2093	gatB	0	nonessential	0
b0401	brnQ	0	nonessential	0
b3476	nikA	0	nonessential	0
b0026	ileS	0	nonessential	1
b0871	poxB	0	nonessential	0
b2711	norW	0	nonessential	0
b4119	melA	0	nonessential	0
b2710	norV	0	nonessential	0
b3384	trpS	0	nonessential	1
b0678	nagB	0	nonessential	0
b1009	rutD	0	nonessential	0
b2867	xdhB	0	nonessential	0
b1768	pncA	0	nonessential	0
b2215	ompC	0	nonessential	0
b3161	mtr	0	nonessential	0
b0751	pnuC	0	nonessential	0
b2241	glpA	0	nonessential	0
b3093	exuT	0	nonessential	0
b3266	acrF	0	nonessential	0
b3265	acrE	0	nonessential	0
b2242	glpB	0	nonessential	0
b1015	putP	0	nonessential	0
b2243	glpC	0	nonessential	0
b4390	nadR	0	nonessential	0
b2092	gatC	0	nonessential	0
b2868	xdhC	0	nonessential	0
b3479	nikD	0	nonessential	0
b2094	gatA	0	nonessential	0
b3480	nikE	0	nonessential	0
b1533	eamA	0	nonessential	0
b2045	wcaK	0	nonessential	0
b2996	hybA	0	nonessential	0
b1602	pntB	0	nonessential	0
b2265	menF	0	nonessential	0
b4358	lgoD	0	nonessential	0
b2789	gudP	0	nonessential	0
b4226	ppa	0	nonessential	1
b0973	hyaB	0	nonessential	0
b0974	hyaC	0	nonessential	0
b2994	hybC	0	nonessential	0
b0972	hyaA	0	nonessential	0
b4478	dgoD	0	nonessential	0
b3127	garP	0	nonessential	0
b1603	pntA	0	nonessential	0
b4356	lgoT	0	nonessential	0
b3739	atpI	0	nonessential	0
b3691	dgoT	0	nonessential	0
b3028	mdaB	0	nonessential	0
b2997	hybO	0	nonessential	0
b0756	galM	0	nonessential	0
b1134	nudJ	0	nonessential	0
b1637	tyrS	0	nonessential	1
b4267	idnD	0	nonessential	0
b0451	amtB	0	nonessential	0
b2518	ndk	0	nonessential	0
b0757	galK	0	nonessential	0
b0019	nhaA	0	nonessential	0
b3962	sthA	0	nonessential	0
b4015	aceA	0	nonessential	0
b3709	tnaB	0	nonessential	0
b4067	actP	0	nonessential	0
b0446	cof	0	nonessential	0
b1623	add	0	nonessential	0
b2995	hybB	0	nonessential	0
b0593	entC	0	nonessential	0
b1186	nhaB	0	nonessential	0
b0931	pncB	0	nonessential	1
b3128	garD	0	nonessential	0
b2917	scpA	0	nonessential	0
b1012	rutA	0	nonessential	0
b3599	mtlA	0	nonessential	0
b3831	udp	0	nonessential	0
b1395	paaH	0	nonessential	0
b2167	fruA	0	nonessential	0
b1854	pykA	0	nonessential	0
b4322	uxuA	0	nonessential	0
b2169	fruB	0	nonessential	0
b1857	znuA	0	nonessential	0
b0353	mhpT	0	nonessential	0
b1232	purU	0	nonessential	0
b0126	can	0	nonessential	0
b0855	potG	0	nonessential	0
b0261	mmuM	0	nonessential	0
b1859	znuB	0	nonessential	1
b1676	pykF	0	nonessential	0
b2801	fucP	0	nonessential	0
b3917	sbp	0	nonessential	0
b1858	znuC	0	nonessential	1
b3826	yigL	0	nonessential	1
b1611	fumC	0	nonessential	0
b1636	pdxY	0	nonessential	0
b4031	xylE	0	nonessential	0
b0764	modB	0	nonessential	0
b1612	fumA	0	nonessential	0
b2502	ppx	0	nonessential	0
b0339	cynT	0	nonessential	0
b1193	emtA	0	nonessential	1
b2883	guaD	0	nonessential	0
b4152	frdC	0	nonessential	0
b0125	hpt	0	nonessential	1
b4153	frdB	0	nonessential	0
b4151	frdD	0	nonessential	0
b0238	gpt	0	nonessential	1
b4032	malG	0	nonessential	0
b2558	mltF	0	nonessential	0
b2168	fruK	0	nonessential	0
b2813	mltA	0	nonessential	1
b3092	uxaC	0	nonessential	0
b3371	frlB	0	nonessential	0
b1007	rutF	0	nonessential	0
b4392	slt	0	nonessential	0
b2701	mltB	0	nonessential	0
b2963	mltC	0	nonessential	0
b4474	frlC	0	nonessential	0
b1692	ydiB	0	nonessential	0
b0957	ompA	0	nonessential	0
b3374	frlD	0	nonessential	0
b2919	scpB	0	nonessential	0
b3370	frlA	0	nonessential	0
b1319	ompG	0	nonessential	0
b4321	gntP	0	nonessential	0
b0875	aqpZ	0	nonessential	0
b3029	ygiN	0	nonessential	0
b0260	mmuP	0	nonessential	0
b3875	ompL	0	nonessential	0
b0112	aroP	0	nonessential	0
b3565	xylA	0	nonessential	0
b1126	potA	0	nonessential	0
b1008	rutE	0	nonessential	0
b0349	mhpC	0	nonessential	0
b4055	aphA	0	nonessential	0
b2882	xanQ	0	nonessential	0
b4041	plsB	0	nonessential	0
b4485	ytfR	0	nonessential	0
b2418	pdxK	0	nonessential	0
b4197	ulaE	0	nonessential	0
b1059	solA	0	nonessential	0
b3451	ugpE	0	nonessential	0
b0621	dcuC	0	nonessential	0
b3824	rhtB	0	nonessential	0
b3450	ugpC	0	nonessential	0
b0813	rhtA	0	nonessential	0
b0352	mhpE	0	nonessential	0
b2411	ligA	0	nonessential	1
b3452	ugpA	0	nonessential	0
b1109	ndh	0	nonessential	0
b3453	ugpB	0	nonessential	0
b0118	acnB	0	nonessential	0
b0347	mhpA	0	nonessential	0
b0508	hyi	0	nonessential	0
b3665	adeD	0	nonessential	0
b3426	glpD	0	nonessential	0
b0954	fabA	0	nonessential	0
b3996	nudC	0	nonessential	0
b0509	glxR	0	nonessential	0
b3568	xylH	0	nonessential	0
b2407	xapA	0	nonessential	0
b2423	cysW	0	nonessential	0
b0765	modC	0	nonessential	0
b3566	xylF	0	nonessential	0
b2424	cysU	0	nonessential	0
b2425	cysP	0	nonessential	0
b2104	thiM	0	nonessential	0
b1002	agp	0	nonessential	0
b1296	puuP	0	nonessential	0
b2388	glk	0	nonessential	0
b3567	xylG	0	nonessential	0
b2309	hisJ	0	nonessential	0
b2422	cysA	0	nonessential	0
b3789	rffH	0	nonessential	0
b3125	garR	0	nonessential	0
b0394	mak	0	nonessential	0
b2039	rfbA	0	nonessential	0
b1125	potB	0	nonessential	0
b3577	yiaM	0	nonessential	0
b1440	ydcS	0	nonessential	0
b0655	gltI	0	nonessential	0
b0854	potF	0	nonessential	0
b2519	pbpC	0	nonessential	0
b3579	yiaO	0	nonessential	0
b2514	hisS	0	nonessential	1
b2533	suhB	0	nonessential	0
b0763	modA	0	nonessential	0
b3390	aroK	0	nonessential	1
b1106	thiK	0	nonessential	0
b0388	aroL	0	nonessential	0
b2253	arnB	0	nonessential	0
b3493	pitA	0	nonessential	0
b1388	paaA	0	nonessential	0
b1981	shiA	0	nonessential	0
b1389	paaB	0	nonessential	0
b1392	paaE	0	nonessential	0
b1584	speG	0	nonessential	0
b1390	paaC	0	nonessential	0
b1600	mdtJ	0	nonessential	0
b1391	paaD	0	nonessential	0
b2943	galP	0	nonessential	0
b3908	sodA	0	nonessential	0
b1398	paaK	0	nonessential	0
b1656	sodB	0	nonessential	0
b1646	sodC	0	nonessential	0
b1525	sad	0	nonessential	0
b2255	arnA	0	nonessential	0
b2028	ugd	0	nonessential	0
b1473	yddG	0	nonessential	0
b1278	pgpB	0	nonessential	0
b2661	gabD	0	nonessential	0
b2036	glf	0	nonessential	0
b0383	phoA	0	nonessential	0
b0759	galE	0	nonessential	0
b1702	ppsA	0	nonessential	0
b1599	mdtI	0	nonessential	0
b4233	mpl	0	nonessential	0
b2797	sdaB	0	nonessential	0
b0613	citG	0	nonessential	0
b1814	sdaA	0	nonessential	0
b0893	serS	0	nonessential	1
b0350	mhpD	0	nonessential	0
b3116	tdcC	0	nonessential	0
b1207	prs	0	nonessential	0
b2796	sdaC	0	nonessential	0
b3726	pstA	0	nonessential	0
b3089	sstT	0	nonessential	0
b2965	speC	0	nonessential	0
b0355	frmB	0	nonessential	0
b2154	yeiG	0	nonessential	0
b3281	aroE	0	nonessential	1
b2258	arnF	0	nonessential	0
b0693	speF	0	nonessential	0
b3725	pstB	0	nonessential	0
b1744	astE	0	nonessential	0
b0194	proS	0	nonessential	0
b1746	astD	0	nonessential	0
b0505	allA	0	nonessential	0
b2373	oxc	0	nonessential	0
b1387	paaZ	0	nonessential	0
b3403	pck	0	nonessential	0
b1394	paaG	0	nonessential	0
b2987	pitB	0	nonessential	0
b0758	galT	0	nonessential	0
b1014	putA	0	nonessential	0
b4544	arnE	0	nonessential	0
b3952	pflC	0	nonessential	0
b2096	gatY	0	nonessential	0
b2197	ccmE	0	nonessential	0
b2199	ccmC	0	nonessential	0
b2480	bcp	0	nonessential	0
b3380	yhfW	0	nonessential	0
b0068	thiB	0	nonessential	0
b0066	thiQ	0	nonessential	0
b0067	thiP	0	nonessential	0
b3385	gph	0	nonessential	0
b3616	tdh	0	nonessential	0
b3772	ilvA	0	nonessential	0
b4395	ytjC	0	nonessential	0
b1489	dosP	0	nonessential	0
b0755	gpmA	0	nonessential	1
b3612	gpmM	0	nonessential	0
b1719	thrS	0	nonessential	1
b4383	deoB	0	nonessential	0
b3823	rhtC	0	nonessential	0
b2690	yqaB	0	nonessential	0
b2935	tktA	0	nonessential	0
b0688	pgm	0	nonessential	0
b0418	pgpA	0	nonessential	0
b2201	ccmA	0	nonessential	0
b3786	wecB	0	nonessential	0
b2920	scpC	0	nonessential	0
b2198	ccmD	0	nonessential	0
b2200	ccmB	0	nonessential	0
b3117	tdcB	0	nonessential	0
b0997	torA	0	nonessential	0
b2536	hcaT	0	nonessential	0
b1521	uxaB	0	nonessential	0
b0841	ybjG	0	nonessential	0
b1638	pdxH	0	nonessential	0
b3057	bacA	0	nonessential	0
b2464	talA	0	nonessential	0
b0996	torC	0	nonessential	0
b0576	pheP	0	nonessential	0
b0008	talB	0	nonessential	0
b3062	ttdB	0	nonessential	0
b3061	ttdA	0	nonessential	0
b3063	ttdT	0	nonessential	0
b0368	tauD	0	nonessential	0
b2095	gatZ	0	nonessential	0
b3790	wecD	0	nonessential	0
b3791	wecE	0	nonessential	0
b1714	pheS	0	nonessential	1
b1713	pheT	0	nonessential	1
b3546	eptB	0	nonessential	0
b3787	wecC	0	nonessential	0
b2041	rfbB	0	nonessential	0
b3916	pfkA	0	nonessential	1
b3788	rffG	0	nonessential	0
b1723	pfkB	0	nonessential	0
b2465	tktB	0	nonessential	0
b3951	pflD	0	nonessential	0
b3137	kbaY	0	nonessential	0
b3132	kbaZ	0	nonessential	0
b0766	ybhA	0	nonessential	0
b3258	panF	0	nonessential	0
b1442	ydcU	0	nonessential	0
b2682	ygaZ	0	nonessential	0
b0857	potI	0	nonessential	0
b4258	valS	0	nonessential	0
b1123	potD	0	nonessential	0
b4196	ulaD	0	nonessential	0
b3581	sgbH	0	nonessential	0
b0698	kdpA	0	nonessential	0
b4240	treB	0	nonessential	0
b1124	potC	0	nonessential	0
b1466	narW	0	nonessential	0
b1465	narV	0	nonessential	0
b4471	tdcG	0	nonessential	0
b0517	allD	0	nonessential	0
b0696	kdpC	0	nonessential	0
b1006	rutG	0	nonessential	0
b3366	nirD	0	nonessential	0
b1197	treA	0	nonessential	0
b0697	kdpB	0	nonessential	0
b4513	kdpF	0	nonessential	0
b1468	narZ	0	nonessential	0
b1226	narJ	0	nonessential	0
b3365	nirB	0	nonessential	0
b1224	narG	0	nonessential	0
b4071	nrfB	0	nonessential	0
b2497	uraA	0	nonessential	0
b1227	narI	0	nonessential	0
b1467	narY	0	nonessential	0
b3553	ghrB	0	nonessential	0
b1991	cobT	0	nonessential	0
b3679	yidK	0	nonessential	0
b4231	yjfF	0	nonessential	0
b2563	acpS	0	nonessential	1
b4230	ytfT	0	nonessential	0
b2889	idi	0	nonessential	0
b2148	mglC	0	nonessential	0
b1223	narK	0	nonessential	0
b2150	mglB	0	nonessential	0
b3367	nirC	0	nonessential	0
b2149	mglA	0	nonessential	0
b3475	acpT	0	nonessential	0
b1010	rutC	0	nonessential	0
b2683	ygaH	0	nonessential	0
b4227	ytfQ	0	nonessential	0
b1748	astC	0	nonessential	0
b1539	ydfG	0	nonessential	0
b1441	ydcT	0	nonessential	0
b2203	napB	0	nonessential	0
b2202	napC	0	nonessential	0
b2205	napG	0	nonessential	0
b3572	avtA	0	nonessential	0
b0856	potH	0	nonessential	0
b2206	napA	0	nonessential	0
b0160	dgt	0	nonessential	0
b2204	napH	0	nonessential	0
b1225	narH	0	nonessential	0
b1443	ydcV	0	nonessential	0
b1090	plsX	0	nonessential	0
b2048	cpsG	0	nonessential	0
b3803	hemX	0	nonessential	0
b0902	pflA	0	nonessential	0
b2705	srlD	0	nonessential	0
b0650	hscC	0	nonessential	0
b4394	yjjX	0	nonessential	0
b3821	pldA	0	nonessential	0
b0980	appA	0	nonessential	0
b2702	srlA	0	nonessential	0
b4239	treC	0	nonessential	0
b2254	arnC	0	nonessential	0
b2781	mazG	0	nonessential	0
b2579	grcA	0	nonessential	0
b2704	srlB	0	nonessential	0
b1363	trkG	0	nonessential	0
b3114	tdcE	0	nonessential	0
b2256	arnD	0	nonessential	0
b2954	rdgB	0	nonessential	0
b0903	pflB	0	nonessential	0
b0273	argF	0	nonessential	1
b1759	nudG	0	nonessential	0
b3591	selA	0	nonessential	0
b0171	pyrH	0	nonessential	1
b1764	selD	0	nonessential	0
b3728	pstS	0	nonessential	0
b0888	trxB	0	nonessential	1
b3727	pstC	0	nonessential	0
b4254	argI	0	nonessential	0
b2366	dsdA	0	nonessential	0
b2703	srlE	0	nonessential	0
b4072	nrfC	0	nonessential	0
b3073	patA	0	nonessential	0
b1011	rutB	0	nonessential	0
b3849	trkH	0	nonessential	0
b1469	narU	0	nonessential	0
b3290	trkA	0	nonessential	0
b4073	nrfD	0	nonessential	0
b0692	potE	0	nonessential	0
b2498	upp	0	nonessential	0
b3519	treF	0	nonessential	0
b1907	tyrP	0	nonessential	0
b2552	hmp	0	nonessential	0
b2744	umpG	0	nonessential	0
b4070	nrfA	0	nonessential	0
b2297	pta	0	nonessential	1
b1896	otsA	0	nonessential	0
b2027	wzzB	0	nonessential	0
b1250	kch	0	nonessential	0
b4374	yjjG	0	nonessential	0
b2035	wbbH	0	nonessential	0
b2291	yfbR	0	nonessential	0
b2033	wbbJ	0	nonessential	0
b0480	ushA	0	nonessential	0
b2458	eutD	0	nonessential	0
b2037	wzxB	0	nonessential	0
b2034	wbbI	0	nonessential	0
b1897	otsB	0	nonessential	0
b2032	wbbK	0	nonessential	0
b4161	rsgA	0	nonessential	0
b1291	sapD	0	nonessential	0
b0337	codA	0	nonessential	0
b0077	ilvI	0	nonessential	0
b0007	yaaJ	0	nonessential	0
b0078	ilvH	0	nonessential	0
b0040	caiT	0	nonessential	0
b4111	proP	0	nonessential	0
b3671	ilvB	0	nonessential	0
b3454	livF	0	nonessential	0
b4094	phnN	0	nonessential	0
b3456	livM	0	nonessential	0
b3460	livJ	0	nonessential	0
b2679	proX	0	nonessential	0
b2678	proW	0	nonessential	0
b3670	ilvN	0	nonessential	1
b2677	proV	0	nonessential	0
b0036	caiD	0	nonessential	0
b3457	livH	0	nonessential	0
b3455	livG	0	nonessential	0
b0516	allC	0	nonessential	0
b1818	manY	0	nonessential	0
b0484	copA	0	nonessential	0
b0123	cueO	0	nonessential	0
b4090	rpiB	0	nonessential	0
b1817	manX	0	nonessential	0
b1819	manZ	0	nonessential	0
b4084	alsK	0	nonessential	0
b1849	purT	0	nonessential	0
b3588	aldB	0	nonessential	0
b2428	murQ	0	nonessential	0
b1300	puuC	0	nonessential	0
b2296	ackA	0	nonessential	0
b1385	feaB	0	nonessential	0
b3115	tdcD	0	nonessential	0
b1478	adhP	0	nonessential	0
b0356	frmA	0	nonessential	0
b0336	codB	0	nonessential	0
b3794	wecG	0	nonessential	0
b3544	dppA	0	nonessential	0
b1486	ddpB	0	nonessential	0
b1484	ddpD	0	nonessential	0
b0462	acrB	0	nonessential	0
b2470	acrD	0	nonessential	0
b3784	wecA	0	nonessential	0
b0463	acrA	0	nonessential	0
b3543	dppB	0	nonessential	0
b2697	alaS	0	nonessential	1
b3541	dppD	0	nonessential	0
b1487	ddpA	0	nonessential	0
b1119	nagK	0	nonessential	0
b3542	dppC	0	nonessential	0
b3035	tolC	0	nonessential	0
b4069	acs	0	nonessential	0
b0155	clcA	0	nonessential	0
b1592	clcB	0	nonessential	0
b1485	ddpC	0	nonessential	0
b0037	caiC	0	nonessential	0
b0038	caiB	0	nonessential	0
b2379	alaC	0	nonessential	0
b2290	alaA	0	nonessential	0
b3867	hemN	0	nonessential	0
b0679	nagE	0	nonessential	0
b2417	crr	0	nonessential	1
b0870	ltaE	0	nonessential	0
b1483	ddpF	0	nonessential	0
b1101	ptsG	0	nonessential	1
b2765	queD	0	nonessential	0
b1102	fhuE	0	nonessential	0
b2174	lpxT	0	nonessential	0
b4053	alr	0	nonessential	0
b1325	ycjG	0	nonessential	0
b0381	ddlA	0	nonessential	0
b0092	ddlB	0	nonessential	0
b3540	dppF	0	nonessential	0
b1190	dadX	0	nonessential	0
b1640	anmK	0	nonessential	0
b2066	udk	0	nonessential	0
b1865	nudB	0	nonessential	0
b0651	rihA	0	nonessential	0
b4260	pepA	0	nonessential	0
b0099	mutT	0	nonessential	0
b0237	pepD	0	nonessential	0
b2162	rihB	0	nonessential	0
b2429	murP	0	nonessential	0
b2143	cdd	0	nonessential	0
b0932	pepN	0	nonessential	0
b1872	torZ	0	nonessential	0
b2523	pepB	0	nonessential	0
b0894	dmsA	0	nonessential	0
b1982	amn	0	nonessential	0
b0896	dmsC	0	nonessential	0
b3222	nanK	0	nonessential	0
b1873	torY	0	nonessential	0
b2893	dsbC	0	nonessential	0
b3860	dsbA	0	nonessential	0
b0151	fhuC	0	nonessential	0
b0153	fhuB	0	nonessential	0
b0152	fhuD	0	nonessential	0
b1185	dsbB	0	nonessential	0
b0062	araA	0	nonessential	0
b4381	deoC	0	nonessential	0
b3575	yiaK	0	nonessential	0
b0425	panE	0	nonessential	0
b2871	ygeX	0	nonessential	0
b4042	dgkA	0	nonessential	0
b1189	dadA	0	nonessential	0
b3059	plsY	0	nonessential	0
b4129	lysU	0	nonessential	0
b0049	apaH	0	nonessential	1
b2975	glcA	0	nonessential	0
b3603	lldP	0	nonessential	0
b0968	yccX	0	nonessential	0
b0657	lnt	0	nonessential	0
b2421	cysM	0	nonessential	0
b3225	nanA	0	nonessential	0
b3008	metC	0	nonessential	0
b1919	dcyD	0	nonessential	0
b1677	lpp	0	nonessential	0
b4086	alsC	0	nonessential	0
b4087	alsA	0	nonessential	0
b0733	cydA	0	nonessential	0
b4088	alsB	0	nonessential	0
b4085	alsE	0	nonessential	0
b0511	ybbW	0	nonessential	0
b0512	allB	0	nonessential	0
b0341	cynX	0	nonessential	0
b0340	cynS	0	nonessential	0
b1308	pspE	0	nonessential	0
b3224	nanT	0	nonessential	0
b3425	glpE	0	nonessential	0
b4311	nanC	0	nonessential	0
b0734	cydB	0	nonessential	0
b1587	ynfE	0	nonessential	0
b0978	cbdA	0	nonessential	0
b0979	cbdB	0	nonessential	0
b3223	nanE	0	nonessential	0
b3416	malQ	0	nonessential	0
b1519	tam	0	nonessential	0
b3091	uxaA	0	nonessential	0
b3001	gpr	0	nonessential	0
b3945	gldA	0	nonessential	0
b0886	cydC	0	nonessential	0
b0526	cysS	0	nonessential	1
b3012	dkgA	0	nonessential	0
b0207	dkgB	0	nonessential	0
b1622	malY	0	nonessential	0
b2810	csdA	0	nonessential	0
b2414	cysK	0	nonessential	1
b1781	yeaE	0	nonessential	0
b0887	cydD	0	nonessential	0
b3856	mobB	0	nonessential	0
b1397	paaJ	0	nonessential	0
b0474	adk	0	nonessential	1
b1095	fabF	0	nonessential	0
b3714	adeP	0	nonessential	0
b3580	lyxK	0	nonessential	0
b0312	betB	0	nonessential	0
b0653	gltK	0	nonessential	0
b1488	ddpX	0	nonessential	0
b1683	sufB	0	nonessential	0
b1680	sufS	0	nonessential	0
b1681	sufD	0	nonessential	0
b1682	sufC	0	nonessential	0
b1679	sufE	0	nonessential	0
b0638	cobC	0	nonessential	0
b2914	rpiA	0	nonessential	1
b4301	sgcE	0	nonessential	0
b1684	sufA	0	nonessential	0
b1243	oppA	0	nonessential	0
b1216	chaA	0	nonessential	0
b1192	ldcA	0	nonessential	0
b0936	ssuA	0	nonessential	0
b0365	tauA	0	nonessential	0
b0934	ssuC	0	nonessential	0
b0367	tauC	0	nonessential	0
b0366	tauB	0	nonessential	0
b3806	cyaA	0	nonessential	0
b1244	oppB	0	nonessential	0
b1247	oppF	0	nonessential	0
b2393	nupC	0	nonessential	0
b0933	ssuB	0	nonessential	0
b1329	mppA	0	nonessential	0
b1246	oppD	0	nonessential	0
b3551	bisC	0	nonessential	0
b0030	rihC	0	nonessential	0
b1245	oppC	0	nonessential	0
b1386	tynA	0	nonessential	0
b1377	ompN	0	nonessential	0
b1745	astB	0	nonessential	0
b2578	eamB	0	nonessential	0
b3654	xanP	0	nonessential	0
b3578	yiaN	0	nonessential	0
b1747	astA	0	nonessential	0
b1064	grxB	0	nonessential	0
b3503	arsC	0	nonessential	0
b3386	rpe	0	nonessential	1
b4138	dcuA	0	nonessential	0
b2835	lplT	0	nonessential	0
b4123	dcuB	0	nonessential	0
b4213	cpdB	0	nonessential	0
b4036	lamB	0	nonessential	0
b4034	malE	0	nonessential	0
b4035	malK	0	nonessential	0
b4033	malF	0	nonessential	0
b3528	dctA	0	nonessential	0
b4077	gltP	0	nonessential	0
b4237	nrdG	0	nonessential	0
b2675	nrdE	0	nonessential	0
b2676	nrdF	0	nonessential	0
b2235	nrdB	0	nonessential	1
b2234	nrdA	0	nonessential	1
b3902	rhaD	0	nonessential	0
b3904	rhaB	0	nonessential	0
b3748	rbsD	0	nonessential	0
b0241	phoE	0	nonessential	0
b3750	rbsC	0	nonessential	0
b3749	rbsA	0	nonessential	0
b1276	acnA	0	nonessential	0
b3583	sgbE	0	nonessential	0
b4198	ulaF	0	nonessential	0
b0061	araD	0	nonessential	0
b0063	araB	0	nonessential	0
b3752	rbsK	0	nonessential	0
b0929	ompF	0	nonessential	0
b3751	rbsB	0	nonessential	0
b4169	amiB	0	nonessential	0
b0110	ampD	0	nonessential	0
b2542	hcaD	0	nonessential	0
b2540	hcaC	0	nonessential	0
b2538	hcaE	0	nonessential	0
b2539	hcaF	0	nonessential	0
b0311	betA	0	nonessential	0
b1801	yeaV	0	nonessential	0
b4266	idnO	0	nonessential	0
b2131	osmF	0	nonessential	0
b2128	yehW	0	nonessential	0
b2129	yehX	0	nonessential	0
b2130	yehY	0	nonessential	0
b1241	adhE	0	nonessential	0
b1661	cfa	0	nonessential	0
b0677	nagA	0	nonessential	0
b0351	mhpF	0	nonessential	0
b0314	betT	0	nonessential	0
b2587	kgtP	0	nonessential	0
b0789	clsB	0	nonessential	0
b1249	clsA	0	nonessential	0
b0612	citT	0	nonessential	0
b0615	citF	0	nonessential	0
b0617	citD	0	nonessential	0
b1993	cobU	0	nonessential	0
b0616	citE	0	nonessential	0
b2435	amiA	0	nonessential	0
b0575	cusA	0	nonessential	0
b1463	nhoA	0	nonessential	0
b0573	cusF	0	nonessential	0
b0572	cusC	0	nonessential	0
b0574	cusB	0	nonessential	0
b2937	speB	0	nonessential	0
b0433	ampG	0	nonessential	0
b1107	nagZ	0	nonessential	0
b2817	amiC	0	nonessential	0
b0614	citX	0	nonessential	0
b0032	carA	0	nonessential	1
b0521	ybcF	0	nonessential	0
b2901	bglA	0	nonessential	0
b0323	yahI	0	nonessential	0
b3571	malS	0	nonessential	0
b1992	cobS	0	nonessential	0
b2874	yqeA	0	nonessential	0
b1927	amyA	0	nonessential	0
b2223	atoE	0	nonessential	0
b0411	tsx	0	nonessential	0
b2406	xapB	0	nonessential	0
b3197	kdsD	0	nonessential	0
b2964	nupG	0	nonessential	0
b1732	katE	0	nonessential	0
b2708	srlQ	0	nonessential	0
b3942	katG	0	nonessential	0
b4265	idnT	0	nonessential	0
b4132	cadB	0	nonessential	0
b4481	wecF	0	nonessential	0
b2794	queF	0	nonessential	0
b3845	fadA	0	nonessential	0
b3918	cdh	0	nonessential	0
b2342	fadI	0	nonessential	0
b2224	atoB	0	nonessential	0
b0469	apt	0	nonessential	0
b2222	atoA	0	nonessential	0
b3034	nudF	0	nonessential	0
b2662	gabT	0	nonessential	0
b2221	atoD	0	nonessential	0
b3915	fieF	0	nonessential	0
b2663	gabP	0	nonessential	0
b3469	zntA	0	nonessential	0
b3397	nudE	0	nonessential	0
b1444	patD	0	nonessential	0
b0444	queC	0	nonessential	0
b1302	puuE	0	nonessential	0
b0033	carB	0	nonessential	1
b0752	zitB	0	nonessential	0
b3600	mtlD	0	nonessential	0
b3617	kbl	0	nonessential	0
b0805	fiu	0	nonessential	0
b3927	glpF	0	nonessential	0
b0507	gcl	0	nonessential	0
b3653	gltS	0	nonessential	0
b3907	rhaT	0	nonessential	0
b2155	cirA	0	nonessential	0
b3722	bglF	0	nonessential	0
b0592	fepB	0	nonessential	0
b0590	fepD	0	nonessential	0
b2156	lysP	0	nonessential	0
b0588	fepC	0	nonessential	0
b3212	gltB	0	nonessential	0
b2890	lysS	0	nonessential	1
b3213	gltD	0	nonessential	0
b0589	fepG	0	nonessential	0
b3903	rhaA	0	nonessential	0
b0732	mngB	0	nonessential	0
b2485	hyfE	0	nonessential	0
b0731	mngA	0	nonessential	0
b2481	hyfA	0	nonessential	0
b4323	uxuB	0	nonessential	0
b1613	manA	0	nonessential	0
b1033	ghrA	0	nonessential	0
b2490	hyfJ	0	nonessential	0
b1800	dmlA	0	nonessential	0
b4367	fhuF	0	nonessential	0
b4014	aceB	0	nonessential	0
b0591	entS	0	nonessential	0
b3124	garK	0	nonessential	0
b0584	fepA	0	nonessential	0
b0514	glxK	0	nonessential	0
b2240	glpT	0	nonessential	0
b2976	glcB	0	nonessential	0
b0150	fhuA	0	nonessential	0
b2049	cpsB	0	nonessential	0
b3893	fdoH	0	nonessential	0
b1476	fdnI	0	nonessential	0
b1651	gloA	0	nonessential	0
b2091	gatD	0	nonessential	0
b3894	fdoG	0	nonessential	0
b1474	fdnG	0	nonessential	0
b0811	glnH	0	nonessential	0
b3458	livK	0	nonessential	0
b4291	fecA	0	nonessential	0
b0642	leuS	0	nonessential	1
b4054	tyrB	0	nonessential	0
b0809	glnQ	0	nonessential	0
b3892	fdoI	0	nonessential	0
b0810	glnP	0	nonessential	0
b2133	dld	0	nonessential	0
b1380	ldhA	0	nonessential	0
b0343	lacY	0	nonessential	0
b1475	fdnH	0	nonessential	0
b0186	ldcC	0	nonessential	0
b4290	fecB	0	nonessential	0
b4131	cadA	0	nonessential	0
b3825	pldB	0	nonessential	0
b0485	glsA	0	nonessential	0
b4287	fecE	0	nonessential	0
b1524	glsB	0	nonessential	0
b0494	tesA	0	nonessential	0
b0935	ssuD	0	nonessential	0
b3517	gadA	0	nonessential	0
b4289	fecC	0	nonessential	0
b1493	gadB	0	nonessential	0
b2392	mntH	0	nonessential	0
b0630	lipB	0	nonessential	1
b1492	gadC	0	nonessential	0
b4386	lplA	0	nonessential	0
b3409	feoB	0	nonessential	0
b0622	pagP	0	nonessential	0
b4288	fecD	0	nonessential	0
b0829	gsiA	0	nonessential	0
b3447	ggt	0	nonessential	0
b2912	fau	0	nonessential	0
b1710	btuE	0	nonessential	0
b3500	gor	0	nonessential	0
b4120	melB	0	nonessential	0
b0937	ssuE	0	nonessential	0
b2988	gss	0	nonessential	0
b0334	prpD	0	nonessential	0
b3610	grxC	0	nonessential	0
b2463	maeB	0	nonessential	0
b3288	fmt	0	nonessential	1
b1479	maeA	0	nonessential	0
b2210	mqo	0	nonessential	0
b0849	grxA	0	nonessential	0
b0684	fldA	0	nonessential	1
b1654	grxD	0	nonessential	1
b0477	gsk	0	nonessential	0
b0403	malZ	0	nonessential	0
b0963	mgsA	0	nonessential	0
b4242	mgtA	0	nonessential	0
b3779	gpp	0	nonessential	0
b4154	frdA	0	nonessential	0
b2114	metG	0	nonessential	1
b0904	focA	0	nonessential	0
b2492	focB	0	nonessential	0
b0830	gsiB	0	nonessential	0
b1778	msrB	0	nonessential	0
b4219	msrA	0	nonessential	0
b2374	frc	0	nonessential	0
b3829	metE	0	nonessential	1
b4019	metH	0	nonessential	0
b0197	metQ	0	nonessential	0
b0198	metI	0	nonessential	0
b0199	metN	0	nonessential	0
b0831	gsiC	0	nonessential	0
b0832	gsiD	0	nonessential	0
b2724	hycB	0	nonessential	0
b0084	ftsI	0	nonessential	1
b0104	guaC	0	nonessential	0
b2487	hyfG	0	nonessential	0
b2488	hyfH	0	nonessential	0
b3396	mrcA	0	nonessential	0
b2484	hyfD	0	nonessential	0
b0635	mrdA	0	nonessential	0
b2895	fldB	0	nonessential	0
b2521	sseA	0	nonessential	0
b2053	gmd	0	nonessential	0
b2721	hycE	0	nonessential	0
b3559	glyS	0	nonessential	1
b0333	prpC	0	nonessential	0
b0331	prpB	0	nonessential	0
b3560	glyQ	0	nonessential	1
b0212	gloB	0	nonessential	1
b2720	hycF	0	nonessential	0
b2723	hycC	0	nonessential	0
b2328	mepA	0	nonessential	0
b2239	glpQ	0	nonessential	0
b3924	fpr	0	nonessential	0
b3449	ugpQ	0	nonessential	0
b2134	pbpG	0	nonessential	0
b2719	hycG	0	nonessential	0
b2010	dacD	0	nonessential	0
b2482	hyfB	0	nonessential	0
b2486	hyfF	0	nonessential	0
b3437	gntK	0	nonessential	0
b2483	hyfC	0	nonessential	0
b3182	dacB	0	nonessential	0
b4268	idnK	0	nonessential	0
b2722	hycD	0	nonessential	0
b0839	dacC	0	nonessential	0
b0632	dacA	0	nonessential	0
b0149	mrcB	0	nonessential	1
b4079	fdhF	0	nonessential	0
b2489	hyfI	0	nonessential	0
b3622	waaL	0	nonessential	0
b4192	ulaG	0	nonessential	0
b2927	epd	0	nonessential	0
b2923	argO	0	nonessential	0
b0048	folA	0	nonessential	1
b1606	folM	0	nonessential	0
b0863	artI	0	nonessential	0
b0862	artQ	0	nonessential	0
b0680	glnS	0	nonessential	1
b0864	artP	0	nonessential	0
b3564	xylB	0	nonessential	0
b2310	argT	0	nonessential	0
b2307	hisM	0	nonessential	0
b0348	mhpB	0	nonessential	0
b0861	artM	0	nonessential	0
b2308	hisQ	0	nonessential	0
b2306	hisP	0	nonessential	0
b0860	artJ	0	nonessential	0
b3502	arsB	0	nonessential	0
b1453	ansP	0	nonessential	0
b2303	folX	0	nonessential	0
b0578	nfsB	0	nonessential	0
b0930	asnS	0	nonessential	1
b0674	asnB	0	nonessential	0
b1851	edd	0	nonessential	0
b2957	ansB	0	nonessential	0
b4195	ulaC	0	nonessential	0
b2341	fadJ	0	nonessential	0
b0828	iaaA	0	nonessential	0
b1767	ansA	0	nonessential	0
b0945	pyrD	0	nonessential	1
b3792	wzxE	0	nonessential	0
b3785	wzzE	0	nonessential	0
b3793	wzyE	0	nonessential	0
b4194	ulaB	0	nonessential	0
b4193	ulaA	0	nonessential	0
b1850	eda	0	nonessential	0
b0754	aroG	0	nonessential	0
b4122	fumB	0	nonessential	0
b2841	araE	0	nonessential	0
b1901	araF	0	nonessential	0
b2601	aroF	0	nonessential	0
b3526	kdgK	0	nonessential	0
b0604	dsbG	0	nonessential	0
b3909	kdgT	0	nonessential	0
b2541	hcaB	0	nonessential	0
b4460	araH	0	nonessential	0
b4136	dsbD	0	nonessential	0
b1900	araG	0	nonessential	0
b3781	trxA	0	nonessential	1
b2715	ascF	0	nonessential	0
b2344	fadL	0	nonessential	0
b2065	dcd	0	nonessential	1
b2582	trxC	0	nonessential	0
b1734	chbF	0	nonessential	0
b3693	dgoK	0	nonessential	0
b2251	nudI	0	nonessential	0
b1198	dhaM	0	nonessential	0
b1200	dhaK	0	nonessential	0
b1876	argS	0	nonessential	1
b3640	dut	0	nonessential	1
b1199	dhaL	0	nonessential	0
b4384	deoD	0	nonessential	1
b4382	deoA	0	nonessential	0
b1528	ydeA	0	nonessential	0
b2938	speA	0	nonessential	0
b1393	paaF	0	nonessential	0
b1238	tdk	0	nonessential	0
b4117	adiA	0	nonessential	0
b2146	preT	0	nonessential	0
b4115	adiC	0	nonessential	0
b4477	dgoA	0	nonessential	0
b2147	preA	0	nonessential	0
b1704	aroH	0	nonessential	0
b1605	ydgI	0	nonessential	0
b3417	malP	0	nonessential	0
b4130	dtpC	0	nonessential	0
b2097	fbaB	0	nonessential	0
b1326	mpaA	0	nonessential	0
b3428	glgP	0	nonessential	0
b4476	gntU	0	nonessential	0
b2132	bglX	0	nonessential	0
b0344	lacZ	0	nonessential	0
b2378	lpxP	0	nonessential	0
b2257	arnT	0	nonessential	0
b3415	gntT	0	nonessential	0
b2925	fbaA	0	nonessential	1
b0124	gcd	0	nonessential	0
b0837	yliI	0	nonessential	0
b3605	lldD	0	nonessential	0
b0307	ykgF	0	nonessential	0
b0306	ykgE	0	nonessential	0
b1773	ydjI	0	nonessential	0
b2738	ygbL	0	nonessential	0
b3870	glnA	0	nonessential	0
b2800	fucA	0	nonessential	0
b2170	setB	0	nonessential	0
b2803	fucK	0	nonessential	0
b3431	glgX	0	nonessential	0
b1621	malX	0	nonessential	0
b0070	setA	0	nonessential	0
b3925	glpX	0	nonessential	0
b2799	fucO	0	nonessential	0
b0709	dtpD	0	nonessential	0
b2930	yggF	0	nonessential	0
b2788	gudX	0	nonessential	0
b1634	dtpA	0	nonessential	0
b4232	fbp	0	nonessential	0
b3496	dtpB	0	nonessential	0
b2787	gudD	0	nonessential	0
b3126	garL	0	nonessential	0
b2802	fucI	0	nonessential	0
b0654	gltJ	0	nonessential	0
b0822	ybiV	0	nonessential	0
b0652	gltL	0	nonessential	0
b1866	aspS	0	nonessential	1
b3946	fsaB	0	nonessential	0
b4139	aspA	0	nonessential	0
b0825	fsaA	0	nonessential	0
b2440	eutC	0	nonessential	0
b0308	ykgG	0	nonessential	0
b2441	eutB	0	nonessential	0
b0002	thrA	0	nonessential	1
b0895	dmsB	0	nonessential	0
b0585	fes	0	nonessential	0
b1589	ynfG	0	nonessential	0
b1588	ynfF	0	nonessential	0
b1590	ynfH	0	nonessential	0
b4024	lysC	0	nonessential	0
b4244	pyrI	0	nonessential	1
b3940	metL	0	nonessential	0
b0459	maa	0	nonessential	0
b3432	glgB	0	nonessential	0
b3350	kefB	0	nonessential	0
b0047	kefC	0	nonessential	0
b3882	yihU	0	nonessential	0
b1701	fadK	0	nonessential	0
b1297	puuA	0	nonessential	0
b1301	puuB	0	nonessential	0
b2052	wcaG	0	nonessential	0
b1298	puuD	0	nonessential	0
b2467	nudK	0	nonessential	0
b0842	mdfA	0	nonessential	0
b3747	kup	0	nonessential	0
b2051	wcaH	0	nonessential	0
b0404	acpH	0	nonessential	0
b3650	spoT	0	nonessential	0
b3666	uhpT	0	nonessential	0
b2784	relA	0	nonessential	0
b1805	fadD	0	nonessential	0
