gene_id	name	dependency_score	essential	wt_biomass	ko_biomass
b1377	ompN	0.0	False	0.9823718127269785	0.9823718127269802
b0241	phoE	0.0	False	0.9823718127269785	0.9823718127269802
b0929	ompF	0.0	False	0.9823718127269785	0.9823718127269802
b2215	ompC	0.0	False	0.9823718127269785	0.9823718127269802
b0653	gltK	0.0	False	0.9823718127269785	0.9823718127269802
b0655	gltI	0.0	False	0.9823718127269785	0.9823718127269802
b0118	acnB	0.0	False	0.9823718127269785	0.9823718127269802
b1276	acnA	0.0	False	0.9823718127269785	0.9823718127269802
b4032	malG	0.0	False	0.9823718127269785	0.9823718127269802
b3359	argD	1.0	True	0.9823718127269785	0.0
b3528	dctA	3.0513926882397413e-15	False	0.9823718127269785	0.9823718127269755
b4033	malF	0.0	False	0.9823718127269785	0.9823718127269802
b4035	malK	0.0	False	0.9823718127269785	0.9823718127269802
b4034	malE	0.0	False	0.9823718127269785	0.9823718127269802
b4036	lamB	0.0	False	0.9823718127269785	0.9823718127269802
b4213	cpdB	0.0	False	0.9823718127269785	0.9823718127269802
b4123	dcuB	0.0	False	0.9823718127269785	0.9823718127269802
b2835	lplT	0.0	False	0.9823718127269785	0.9823718127269802
b4138	dcuA	0.0	False	0.9823718127269785	0.9823718127269802
b4077	gltP	0.0	False	0.9823718127269785	0.9823718127269802
b3503	arsC	0.0	False	0.9823718127269785	0.9823718127269802
b1064	grxB	0.0	False	0.9823718127269785	0.9823718127269802
b1747	astA	0.0	False	0.9823718127269785	0.9823718127269802
b1539	ydfG	0.0	False	0.9823718127269785	0.9823718127269802
b1748	astC	0.0	False	0.9823718127269785	0.9823718127269802
b1090	plsX	0.0	False	0.9823718127269785	0.9823718127269802
b3475	acpT	0.0	False	0.9823718127269785	0.9823718127269802
b2836	aas	0.010520690315262324	False	0.9823718127269785	0.9720365831108351
b2563	acpS	2.4863199681953447e-15	False	0.9823718127269785	0.982371812726976
b3553	ghrB	0.0	False	0.9823718127269785	0.9823718127269874
b2578	eamB	0.0	False	0.9823718127269785	0.9823718127269874
b1533	eamA	0.0	False	0.9823718127269785	0.9823718127269874
b2019	hisG	0.9999999999999994	True	0.9823718127269785	5.486248061023445e-16
b1134	nudJ	0.0	False	0.9823718127269785	0.9823718127269813
b3735	atpH	0.5903004379029563	False	0.9823718127269785	0.40247730149072214
b4067	actP	0.0	False	0.9823718127269785	0.9823718127269844
b0446	cof	8.815134432692587e-15	False	0.9823718127269785	0.9823718127269698
b1623	add	8.815134432692587e-15	False	0.9823718127269785	0.9823718127269698
b1096	pabC	0.9999999999985306	True	0.9823718127269785	1.4434920576465706e-12
b3739	atpI	2.3733054241864654e-15	False	0.9823718127269785	0.9823718127269762
b3732	atpD	0.5903004379029576	False	0.9823718127269785	0.4024773014907208
b3737	atpE	0.5903004379029644	False	0.9823718127269785	0.40247730149071415
b3733	atpG	0.5903004379029644	False	0.9823718127269785	0.40247730149071415
b3734	atpA	0.5903004379029644	False	0.9823718127269785	0.40247730149071415
b3738	atpB	0.5903004379029644	False	0.9823718127269785	0.40247730149071415
b1009	rutD	1.446586163313655e-14	False	0.9823718127269785	0.9823718127269643
b1812	pabB	0.9999999999985306	True	0.9823718127269785	1.4434920576465706e-12
b0180	fabZ	1.0	True	0.9823718127269785	0.0
b3360	pabA	1.0	True	0.9823718127269785	0.0
b3731	atpC	0.5903004379029528	False	0.9823718127269785	0.40247730149072547
b3736	atpF	0.5903004379029746	False	0.9823718127269785	0.40247730149070415
b0954	fabA	1.3561745281065517e-14	False	0.9823718127269785	0.9823718127269652
b3665	adeD	3.616465408284138e-15	False	0.9823718127269785	0.9823718127269749
b0347	mhpA	3.616465408284138e-15	False	0.9823718127269785	0.9823718127269749
b3654	xanP	3.616465408284138e-15	False	0.9823718127269785	0.9823718127269749
b0312	betB	3.616465408284138e-15	False	0.9823718127269785	0.9823718127269749
b3580	lyxK	3.616465408284138e-15	False	0.9823718127269785	0.9823718127269749
b3714	adeP	3.616465408284138e-15	False	0.9823718127269785	0.9823718127269749
b1093	fabG	0.9999999999999784	True	0.9823718127269785	2.1314973508726607e-14
b1095	fabF	0.0	False	0.9823718127269785	0.9823718127269802
b2323	fabB	1.0	True	0.9823718127269785	-1.9400888411482192e-17
b0474	adk	0.0	False	0.9823718127269785	0.9823718127269933
b0120	speD	0.0	False	0.9823718127269785	0.9823718127269934
b0827	moeA	1.0	True	0.9823718127269785	-1.764766283353852e-15
b1397	paaJ	0.0	False	0.9823718127269785	0.9823718127269875
b3857	mobA	1.0	True	0.9823718127269785	-1.0993846592890865e-15
b3856	mobB	0.0	False	0.9823718127269785	0.9823718127269928
b4214	cysQ	1.0	True	0.9823718127269785	-7.873239220491367e-15
b3806	cyaA	0.0	False	0.9823718127269785	0.9823718127269802
b1245	oppC	0.0	False	0.9823718127269785	0.9823718127269917
b0030	rihC	0.0	False	0.9823718127269785	0.9823718127269917
b3551	bisC	0.0	False	0.9823718127269785	0.9823718127269917
b1246	oppD	0.0	False	0.9823718127269785	0.9823718127269917
b0775	bioB	0.9999999999999996	True	0.9823718127269785	3.8993700139490535e-16
b1329	mppA	0.0	False	0.9823718127269785	0.9823718127269799
b0933	ssuB	0.0	False	0.9823718127269785	0.9823718127269833
b2393	nupC	0.0	False	0.9823718127269785	0.9823718127269833
b1247	oppF	0.0	False	0.9823718127269785	0.9823718127269833
b1244	oppB	0.0	False	0.9823718127269785	0.9823718127269833
b1386	tynA	0.0	False	0.9823718127269785	0.9823718127269833
b0366	tauB	0.0	False	0.9823718127269785	0.9823718127269833
b0367	tauC	0.0	False	0.9823718127269785	0.9823718127269833
b0004	thrC	1.0	True	0.9823718127269785	-1.994783204005336e-16
b0934	ssuC	0.0	False	0.9823718127269785	0.9823718127269861
b0365	tauA	0.0	False	0.9823718127269785	0.9823718127269833
b0936	ssuA	0.0	False	0.9823718127269785	0.9823718127269833
b1192	ldcA	0.0	False	0.9823718127269785	0.9823718127269833
b1216	chaA	0.0	False	0.9823718127269785	0.9823718127269833
b1243	oppA	0.0	False	0.9823718127269785	0.9823718127269833
b4266	idnO	0.0	False	0.9823718127269785	0.9823718127269833
b4132	cadB	0.0	False	0.9823718127269785	0.9823718127269833
b4265	idnT	0.0	False	0.9823718127269785	0.9823718127269833
b0159	mtn	1.0	True	0.9823718127269785	-5.657453245695821e-16
b3942	katG	0.0	False	0.9823718127269785	0.9823718127269806
b2708	srlQ	0.0	False	0.9823718127269785	0.9823718127269917
b1732	katE	0.0	False	0.9823718127269785	0.9823718127269917
b2964	nupG	0.0	False	0.9823718127269785	0.9823718127269917
b3197	kdsD	0.0	False	0.9823718127269785	0.9823718127269917
b2406	xapB	0.0	False	0.9823718127269785	0.9823718127269917
b0411	tsx	0.0	False	0.9823718127269785	0.9823718127269917
b3196	yrbG	0.9999999999999997	True	0.9823718127269785	3.7308319505011895e-16
b1094	acpP	1.0	True	0.9823718127269785	-3.2499319022210857e-16
b4481	wecF	0.0	False	0.9823718127269785	0.982371812726996
b1270	btuR	0.0	False	0.9823718127269785	0.9823718127269815
b1927	amyA	0.0	False	0.9823718127269785	0.9823718127269815
b2874	yqeA	0.0	False	0.9823718127269785	0.9823718127269815
b1992	cobS	0.0	False	0.9823718127269785	0.9823718127269815
b0158	btuF	0.0	False	0.9823718127269785	0.9823718127269815
b3571	malS	0.0	False	0.9823718127269785	0.9823718127269815
b1709	btuD	0.0	False	0.9823718127269785	0.9823718127269815
b0323	yahI	0.0	False	0.9823718127269785	0.9823718127269815
b2901	bglA	0.0	False	0.9823718127269785	0.9823718127269815
b0521	ybcF	0.0	False	0.9823718127269785	0.9823718127269815
b0032	carA	0.0	False	0.9823718127269785	0.9823718127269815
b1711	btuC	0.0	False	0.9823718127269785	0.9823718127269815
b2662	gabT	0.0	False	0.9823718127269785	0.9823718127269815
b3966	btuB	0.0	False	0.9823718127269785	0.9823718127269815
b1252	tonB	0.0	False	0.9823718127269785	0.9823718127269815
b0033	carB	0.0	False	0.9823718127269785	0.9823718127269815
b1302	puuE	0.0	False	0.9823718127269785	0.9823718127269815
b0444	queC	0.0	False	0.9823718127269785	0.9823718127269815
b3006	exbB	0.0	False	0.9823718127269785	0.9823718127269815
b3005	exbD	0.0	False	0.9823718127269785	0.9823718127269815
b1444	patD	0.0	False	0.9823718127269785	0.9823718127269815
b3397	nudE	0.0	False	0.9823718127269785	0.9823718127269815
b3469	zntA	0.0	False	0.9823718127269785	0.9823718127269815
b2663	gabP	0.0	False	0.9823718127269785	0.9823718127269815
b3915	fieF	0.0	False	0.9823718127269785	0.9823718127269815
b2221	atoD	0.0	False	0.9823718127269785	0.9823718127269815
b0752	zitB	0.0	False	0.9823718127269785	0.9823718127269815
b3034	nudF	0.0	False	0.9823718127269785	0.9823718127269815
b2222	atoA	0.0	False	0.9823718127269785	0.9823718127269815
b0469	apt	0.0	False	0.9823718127269785	0.9823718127269815
b3040	zupT	0.9999999999999989	True	0.9823718127269785	1.0993846592890865e-15
b2224	atoB	0.0	False	0.9823718127269785	0.9823718127269864
b2750	cysC	0.9999999999999997	True	0.9823718127269785	3.8555727624395214e-16
b2342	fadI	0.0	False	0.9823718127269785	0.9823718127269868
b1131	purB	1.0	True	0.9823718127269785	-1.4349053149406393e-15
b3918	cdh	2.0342617921598277e-14	False	0.9823718127269785	0.9823718127269585
b3845	fadA	6.6678580965238795e-15	False	0.9823718127269785	0.9823718127269719
b2794	queF	6.6678580965238795e-15	False	0.9823718127269785	0.9823718127269719
b2223	atoE	6.6678580965238795e-15	False	0.9823718127269785	0.9823718127269719
b1208	ispE	0.9999999999999996	True	0.9823718127269785	4.598698315274867e-16
b4177	purA	0.9999999999999915	True	0.9823718127269785	8.468538131746158e-15
b0351	mhpF	0.0	False	0.9823718127269785	0.9823718127269796
b0677	nagA	0.0	False	0.9823718127269785	0.9823718127269844
b1661	cfa	0.0	False	0.9823718127269785	0.9823718127269844
b1241	adhE	0.0	False	0.9823718127269785	0.9823718127269844
s0001		1.0	True	0.9823718127269785	0.0
b2130	yehY	8.589105344674827e-15	False	0.9823718127269785	0.98237181272697
b2129	yehX	3.616465408284138e-15	False	0.9823718127269785	0.9823718127269749
b2128	yehW	3.616465408284138e-15	False	0.9823718127269785	0.9823718127269749
b2131	osmF	3.616465408284138e-15	False	0.9823718127269785	0.9823718127269749
b0314	betT	3.616465408284138e-15	False	0.9823718127269785	0.9823718127269749
b1801	yeaV	3.616465408284138e-15	False	0.9823718127269785	0.9823718127269749
b0311	betA	3.616465408284138e-15	False	0.9823718127269785	0.9823718127269749
b2599	pheA	0.9999999999999989	True	0.9823718127269785	1.0993846592890863e-15
b2600	tyrA	1.0	True	0.9823718127269785	0.0
b2329	aroC	1.0	True	0.9823718127269785	0.0
b4039	ubiC	1.0	True	0.9823718127269785	0.0
b2539	hcaF	0.0	False	0.9823718127269785	0.9823718127269832
b2538	hcaE	3.616465408284138e-15	False	0.9823718127269785	0.9823718127269749
b2540	hcaC	3.616465408284138e-15	False	0.9823718127269785	0.9823718127269749
b2542	hcaD	3.616465408284138e-15	False	0.9823718127269785	0.9823718127269749
b0110	ampD	3.616465408284138e-15	False	0.9823718127269785	0.9823718127269749
b4169	amiB	3.616465408284138e-15	False	0.9823718127269785	0.9823718127269749
b2435	amiA	3.616465408284138e-15	False	0.9823718127269785	0.9823718127269749
b2817	amiC	3.616465408284138e-15	False	0.9823718127269785	0.9823718127269749
b1107	nagZ	3.616465408284138e-15	False	0.9823718127269785	0.9823718127269749
b0433	ampG	3.616465408284138e-15	False	0.9823718127269785	0.9823718127269749
b3619	hldD	3.616465408284138e-15	False	0.9823718127269785	0.9823718127269749
b2937	speB	3.616465408284138e-15	False	0.9823718127269785	0.9823718127269749
b3018	plsC	1.0	True	0.9823718127269785	0.0
b3958	argC	1.0	True	0.9823718127269785	0.0
b0574	cusB	3.955509040310776e-15	False	0.9823718127269785	0.9823718127269746
b0572	cusC	0.0	False	0.9823718127269785	0.9823718127269869
b0573	cusF	0.0	False	0.9823718127269785	0.9823718127269869
b1463	nhoA	0.0	False	0.9823718127269785	0.9823718127269869
b0575	cusA	0.0	False	0.9823718127269785	0.9823718127269869
b4006	purH	0.9999999999997773	True	0.9823718127269785	2.1877754719852822e-13
b0614	citX	1.130145440088793e-15	False	0.9823718127269785	0.9823718127269774
b0616	citE	0.0	False	0.9823718127269785	0.9823718127269869
b0522	purK	0.9999999999997292	True	0.9823718127269785	2.6605108754795894e-13
b1993	cobU	6.328814464497241e-15	False	0.9823718127269785	0.9823718127269723
b0523	purE	0.9999999999997281	True	0.9823718127269785	2.67150472207248e-13
b0617	citD	6.328814464497241e-15	False	0.9823718127269785	0.9823718127269723
b0185	accA	1.0	True	0.9823718127269785	-7.16017555199346e-16
b0615	citF	0.0	False	0.9823718127269785	0.9823718127269846
b0612	citT	0.0	False	0.9823718127269785	0.9823718127269815
b1249	clsA	0.0	False	0.9823718127269785	0.9823718127269815
b0727	sucB	0.004732905642714836	False	0.9823718127269785	0.977722339631279
b2316	accD	1.0	True	0.9823718127269785	-9.025801495749189e-16
b0726	sucA	0.004732905642709976	False	0.9823718127269785	0.9777223396312837
b0116	lpd	0.028930644882046587	False	0.9823718127269785	0.9539511626708419
b0789	clsB	2.147276336168707e-15	False	0.9823718127269785	0.9823718127269764
b3256	accC	0.9999999999999997	True	0.9823718127269785	3.673584810118448e-16
b2587	kgtP	0.0	False	0.9823718127269785	0.9823718127269795
b3255	accB	1.0	True	0.9823718127269785	-3.0556788901477164e-16
b1488	ddpX	0.0	False	0.9823718127269785	0.9823718127270494
b1592	clcB	2.4863199681953447e-15	False	0.9823718127269785	0.982371812726976
b0155	clcA	2.4863199681953447e-15	False	0.9823718127269785	0.982371812726976
b4069	acs	2.4863199681953447e-15	False	0.9823718127269785	0.982371812726976
b3035	tolC	0.0	False	0.9823718127269785	0.9823718127269851
b3542	dppC	0.0	False	0.9823718127269785	0.9823718127269851
b1119	nagK	0.0	False	0.9823718127269785	0.9823718127269851
b1487	ddpA	0.0	False	0.9823718127269785	0.9823718127269851
b3541	dppD	0.0	False	0.9823718127269785	0.9823718127269851
b1485	ddpC	0.0	False	0.9823718127269785	0.9823718127269851
b3543	dppB	0.0	False	0.9823718127269785	0.9823718127269851
b0463	acrA	0.0	False	0.9823718127269785	0.9823718127269851
b3784	wecA	0.0	False	0.9823718127269785	0.9823718127269851
b2470	acrD	0.0	False	0.9823718127269785	0.9823718127269851
b0462	acrB	0.0	False	0.9823718127269785	0.9823718127269851
b3816	corA	1.33969038945836e-06	False	0.9823718127269785	0.9823704966529021
b1484	ddpD	0.0	False	0.9823718127269785	0.9823718127269856
b1486	ddpB	0.0	False	0.9823718127269785	0.9823718127269851
b3544	dppA	0.0	False	0.9823718127269785	0.9823718127269851
b1483	ddpF	0.0	False	0.9823718127269785	0.9823718127269851
b3540	dppF	0.0	False	0.9823718127269785	0.9823718127269851
b2416	ptsI	0.01055520371542429	False	0.9823718127269785	0.9720026781193546
b0092	ddlB	0.0	False	0.9823718127269785	0.9823718127269943
b0381	ddlA	0.0	False	0.9823718127269785	0.9823718127269851
b1325	ycjG	0.0	False	0.9823718127269785	0.9823718127269851
b4053	alr	0.0	False	0.9823718127269785	0.9823718127269851
b2174	lpxT	0.0	False	0.9823718127269785	0.9823718127269851
b0914	msbA	0.999999999999998	True	0.9823718127269785	1.990991969409602e-15
b1102	fhuE	0.0	False	0.9823718127269785	0.982371812726982
b2765	queD	2.0342617921598275e-15	False	0.9823718127269785	0.9823718127269765
b1101	ptsG	2.0342617921598275e-15	False	0.9823718127269785	0.9823718127269765
b0783	moaC	1.0	True	0.9823718127269785	0.0
b1190	dadX	0.0	False	0.9823718127269785	0.9823718127269816
b2415	ptsH	0.010555203715440338	False	0.9823718127269785	0.9720026781193388
b0870	ltaE	3.2774217762575e-15	False	0.9823718127269785	0.9823718127269753
b2417	crr	7.119916272559396e-15	False	0.9823718127269785	0.9823718127269715
b2551	glyA	0.014263932384696988	False	0.9823718127269785	0.9683593276136087
b0781	moaA	1.0	True	0.9823718127269785	0.0
b2436	hemF	4.254482298008955e-05	False	0.9823718127269785	0.9823300178921054
b0679	nagE	0.0	False	0.9823718127269785	0.9823718127269854
b3867	hemN	1.5822036161243103e-15	False	0.9823718127269785	0.9823718127269769
b2290	alaA	1.5822036161243103e-15	False	0.9823718127269785	0.9823718127269769
b3959	argB	1.0	True	0.9823718127269785	0.0
b2379	alaC	0.0	False	0.9823718127269785	0.9823718127269806
b0038	caiB	1.5822036161243103e-15	False	0.9823718127269785	0.9823718127269769
b2818	argA	1.0	True	0.9823718127269785	-1.2425759274682694e-15
b0037	caiC	0.0	False	0.9823718127269785	0.98237181272699
b2697	alaS	1.5822036161243103e-15	False	0.9823718127269785	0.9823718127269769
b3457	livH	1.5822036161243103e-15	False	0.9823718127269785	0.9823718127269769
b0036	caiD	1.5822036161243103e-15	False	0.9823718127269785	0.9823718127269769
b2677	proV	1.5822036161243103e-15	False	0.9823718127269785	0.9823718127269769
b3670	ilvN	1.5822036161243103e-15	False	0.9823718127269785	0.9823718127269769
b2678	proW	1.5822036161243103e-15	False	0.9823718127269785	0.9823718127269769
b2679	proX	1.5822036161243103e-15	False	0.9823718127269785	0.9823718127269769
b3460	livJ	1.5822036161243103e-15	False	0.9823718127269785	0.9823718127269769
b3456	livM	1.5822036161243103e-15	False	0.9823718127269785	0.9823718127269769
b3455	livG	1.5822036161243103e-15	False	0.9823718127269785	0.9823718127269769
b3454	livF	1.5822036161243103e-15	False	0.9823718127269785	0.9823718127269769
b3671	ilvB	1.5822036161243103e-15	False	0.9823718127269785	0.9823718127269769
b4208	cycA	0.0006478893703036469	False	0.9823718127269785	0.9817353444718268
b4111	proP	0.0	False	0.9823718127269785	0.9823718127269809
b0040	caiT	1.5822036161243103e-15	False	0.9823718127269785	0.9823718127269769
b0078	ilvH	1.5822036161243103e-15	False	0.9823718127269785	0.9823718127269769
b0720	gltA	1.0	True	0.9823718127269785	-1.2425759274682694e-15
b0007	yaaJ	7.235191107448453e-13	False	0.9823718127269785	0.9823718127262677
b0077	ilvI	5.085654480399569e-15	False	0.9823718127269785	0.9823718127269735
b0337	codA	5.085654480399569e-15	False	0.9823718127269785	0.9823718127269735
b1849	purT	5.085654480399569e-15	False	0.9823718127269785	0.9823718127269735
b0336	codB	2.8253636002219827e-15	False	0.9823718127269785	0.9823718127269757
b3846	fadB	0.0031099146209825623	False	0.9823718127269785	0.9793167202633377
b0356	frmA	4.068523584319655e-15	False	0.9823718127269785	0.9823718127269745
b1478	adhP	2.3733054241864654e-15	False	0.9823718127269785	0.9823718127269762
b3115	tdcD	2.3733054241864654e-15	False	0.9823718127269785	0.9823718127269762
b1385	feaB	2.3733054241864654e-15	False	0.9823718127269785	0.9823718127269762
b2296	ackA	2.3733054241864654e-15	False	0.9823718127269785	0.9823718127269762
b1300	puuC	2.3733054241864654e-15	False	0.9823718127269785	0.9823718127269762
b2428	murQ	2.3733054241864654e-15	False	0.9823718127269785	0.9823718127269762
b3588	aldB	2.3733054241864654e-15	False	0.9823718127269785	0.9823718127269762
b2780	pyrG	1.0	True	0.9823718127269785	-2.1987693185781726e-15
b3794	wecG	4.520581760355172e-15	False	0.9823718127269785	0.982371812726974
b4084	alsK	2.3733054241864654e-15	False	0.9823718127269785	0.9823718127269762
b1819	manZ	2.3733054241864654e-15	False	0.9823718127269785	0.9823718127269762
b1817	manX	2.3733054241864654e-15	False	0.9823718127269785	0.9823718127269762
b4090	rpiB	2.3733054241864654e-15	False	0.9823718127269785	0.9823718127269762
b0123	cueO	2.3733054241864654e-15	False	0.9823718127269785	0.9823718127269762
b0484	copA	2.3733054241864654e-15	False	0.9823718127269785	0.9823718127269762
b1818	manY	2.3733054241864654e-15	False	0.9823718127269785	0.9823718127269762
b0516	allC	2.3733054241864654e-15	False	0.9823718127269785	0.9823718127269762
b2429	murP	2.3733054241864654e-15	False	0.9823718127269785	0.9823718127269762
b3425	glpE	2.3733054241864654e-15	False	0.9823718127269785	0.9823718127269762
b3224	nanT	2.3733054241864654e-15	False	0.9823718127269785	0.9823718127269762
b1308	pspE	2.3733054241864654e-15	False	0.9823718127269785	0.9823718127269762
b0340	cynS	2.3733054241864654e-15	False	0.9823718127269785	0.9823718127269762
b0341	cynX	2.3733054241864654e-15	False	0.9823718127269785	0.9823718127269762
b0512	allB	2.3733054241864654e-15	False	0.9823718127269785	0.9823718127269762
b0511	ybbW	2.3733054241864654e-15	False	0.9823718127269785	0.9823718127269762
b4085	alsE	2.3733054241864654e-15	False	0.9823718127269785	0.9823718127269762
b4088	alsB	2.3733054241864654e-15	False	0.9823718127269785	0.9823718127269762
b4311	nanC	2.3733054241864654e-15	False	0.9823718127269785	0.9823718127269762
b4087	alsA	2.3733054241864654e-15	False	0.9823718127269785	0.9823718127269762
b4086	alsC	2.3733054241864654e-15	False	0.9823718127269785	0.9823718127269762
b1677	lpp	2.3733054241864654e-15	False	0.9823718127269785	0.9823718127269762
b1919	dcyD	2.3733054241864654e-15	False	0.9823718127269785	0.9823718127269762
b3008	metC	2.3733054241864654e-15	False	0.9823718127269785	0.9823718127269762
b3225	nanA	2.3733054241864654e-15	False	0.9823718127269785	0.9823718127269762
b0221	fadE	0.010520690315264697	False	0.9823718127269785	0.9720365831108327
b3708	tnaA	0.00029461953299678807	False	0.9823718127269785	0.9820823868022837
b2421	cysM	0.0	False	0.9823718127269785	0.9823718127269843
b0657	lnt	8.13704716863931e-15	False	0.9823718127269785	0.9823718127269705
b3001	gpr	8.13704716863931e-15	False	0.9823718127269785	0.9823718127269705
b1091	fabH	1.0	True	0.9823718127269785	-2.1947491915310856e-16
b1781	yeaE	0.0	False	0.9823718127269785	0.9823718127269838
b2414	cysK	0.0	False	0.9823718127269785	0.9823718127269827
b3957	argE	1.0	True	0.9823718127269785	5.3233642556091815e-17
b2810	csdA	0.0	False	0.9823718127269785	0.9823718127269827
b3201	lptB	0.9999999999999997	True	0.9823718127269785	3.80406463073571e-16
b1622	malY	0.0	False	0.9823718127269785	0.9823718127269928
b0207	dkgB	0.0	False	0.9823718127269785	0.9823718127269933
b4261	lptF	0.9999999999999993	True	0.9823718127269785	6.724315720300732e-16
b3012	dkgA	1.4239832545118792e-14	False	0.9823718127269785	0.9823718127269645
b0526	cysS	1.130145440088793e-14	False	0.9823718127269785	0.9823718127269674
b0886	cydC	1.130145440088793e-14	False	0.9823718127269785	0.9823718127269674
b3945	gldA	1.130145440088793e-14	False	0.9823718127269785	0.9823718127269674
b4262	lptG	0.9999999999999978	True	0.9823718127269785	2.226890527388439e-15
b0887	cydD	0.0	False	0.9823718127269785	0.9823718127269858
b3200	lptA	1.0	True	0.9823718127269785	-7.901562117871812e-16
b3091	uxaA	0.0	False	0.9823718127269785	0.9823718127269849
b3199	lptC	0.9999999999999986	True	0.9823718127269785	1.4669589060282893e-15
b1519	tam	0.0	False	0.9823718127269785	0.9823718127269928
b3416	malQ	0.0	False	0.9823718127269785	0.9823718127269822
b3223	nanE	0.0	False	0.9823718127269785	0.9823718127269822
b0979	cbdB	0.0	False	0.9823718127269785	0.9823718127269822
b0978	cbdA	0.0	False	0.9823718127269785	0.9823718127269822
b1587	ynfE	0.0	False	0.9823718127269785	0.9823718127269822
b0734	cydB	0.0	False	0.9823718127269785	0.9823718127269822
b0733	cydA	0.0	False	0.9823718127269785	0.9823718127269822
b0429	cyoD	0.09039367653704268	False	0.9823718127269785	0.8935716128482277
b3222	nanK	5.5377126564350864e-15	False	0.9823718127269785	0.982371812726973
b0774	bioA	1.0	True	0.9823718127269785	-2.1987693185781726e-15
b3833	ubiE	0.0	False	0.9823718127269785	0.9823718127269826
b3994	thiC	1.0	True	0.9823718127269785	-1.0993846592890863e-15
b0896	dmsC	7.119916272559396e-15	False	0.9823718127269785	0.9823718127269715
b1982	amn	1.0962410768861293e-14	False	0.9823718127269785	0.9823718127269677
b0430	cyoC	0.09039367653702866	False	0.9823718127269785	0.8935716128482415
b0432	cyoA	0.09039367653698832	False	0.9823718127269785	0.8935716128482811
b0894	dmsA	0.0	False	0.9823718127269785	0.9823718127270121
b0431	cyoB	0.09039367653681406	False	0.9823718127269785	0.8935716128484523
b2523	pepB	2.8253636002219827e-15	False	0.9823718127269785	0.9823718127269757
b1872	torZ	0.0	False	0.9823718127269785	0.9823718127269855
b0932	pepN	0.0	False	0.9823718127269785	0.9823718127269855
b2143	cdd	0.0	False	0.9823718127269785	0.9823718127269855
b1873	torY	0.0	False	0.9823718127269785	0.9823718127269855
b2162	rihB	0.0	False	0.9823718127269785	0.9823718127269855
b0237	pepD	0.0	False	0.9823718127269785	0.9823718127269855
b0099	mutT	0.0	False	0.9823718127269785	0.9823718127269855
b4260	pepA	0.0	False	0.9823718127269785	0.9823718127269855
b0651	rihA	0.0	False	0.9823718127269785	0.9823718127269855
b1865	nudB	0.0	False	0.9823718127269785	0.9823718127269855
b2066	udk	0.0	False	0.9823718127269785	0.9823718127269855
b1640	anmK	0.0	False	0.9823718127269785	0.9823718127269855
b1263	trpD	1.0	True	0.9823718127269785	0.0
b3575	yiaK	7.911018080621551e-16	False	0.9823718127269785	0.9823718127269777
b1264	trpE	1.0	True	0.9823718127269785	0.0
b0776	bioF	1.0	True	0.9823718127269785	0.0
b0910	cmk	0.0022459383617650405	False	0.9823718127269785	0.9801654661872583
b3603	lldP	1.3561745281065517e-15	False	0.9823718127269785	0.9823718127269772
b0103	coaE	1.0	True	0.9823718127269785	-4.4854894098994724e-13
b2975	glcA	0.0	False	0.9823718127269785	0.982371812726983
b0049	apaH	3.7294799522930175e-15	False	0.9823718127269785	0.9823718127269748
b4129	lysU	3.7294799522930175e-15	False	0.9823718127269785	0.9823718127269748
b3774	ilvC	1.0	True	0.9823718127269785	0.0
b0121	speE	0.0	False	0.9823718127269785	0.9823718127269827
b3059	plsY	3.7294799522930175e-15	False	0.9823718127269785	0.9823718127269748
b1189	dadA	0.0	False	0.9823718127269785	0.9823718127269785
b4042	dgkA	0.0	False	0.9823718127269785	0.9823718127269785
b2871	ygeX	0.0	False	0.9823718127269785	0.9823718127269785
b0425	panE	0.0	False	0.9823718127269785	0.9823718127269785
b2838	lysA	1.0	True	0.9823718127269785	-1.0993846592890863e-15
b0968	yccX	6.780872640532758e-15	False	0.9823718127269785	0.9823718127269718
b4381	deoC	0.0	False	0.9823718127269785	0.9823718127269785
b0414	ribD	1.0	True	0.9823718127269785	-1.0993846592890863e-15
b0062	araA	0.0	False	0.9823718127269785	0.9823718127269876
b3809	dapF	1.0	True	0.9823718127269785	-1.0993846592890863e-15
b1185	dsbB	0.0	False	0.9823718127269785	0.982371812726993
b0175	cdsA	1.0	True	0.9823718127269785	0.0
b3041	ribB	1.0	True	0.9823718127269785	0.0
b0778	bioD	1.0	True	0.9823718127269785	0.0
b0152	fhuD	1.9212472481509482e-15	False	0.9823718127269785	0.9823718127269766
b0153	fhuB	0.0	False	0.9823718127269785	0.9823718127269785
b0151	fhuC	0.0	False	0.9823718127269785	0.9823718127269785
b3860	dsbA	0.0	False	0.9823718127269785	0.9823718127269785
b2893	dsbC	0.0	False	0.9823718127269785	0.9823718127269785
b3722	bglF	0.0	False	0.9823718127269785	0.9823718127269785
b1734	chbF	0.0	False	0.9823718127269785	0.9823718127269785
b2582	trxC	0.0	False	0.9823718127269785	0.9823718127269785
b2065	dcd	0.0	False	0.9823718127269785	0.9823718127269785
b2344	fadL	0.0	False	0.9823718127269785	0.9823718127269785
b2715	ascF	0.0	False	0.9823718127269785	0.9823718127269785
b3781	trxA	0.0	False	0.9823718127269785	0.9823718127269785
b1900	araG	0.0	False	0.9823718127269785	0.9823718127269785
b4136	dsbD	0.0	False	0.9823718127269785	0.9823718127269785
b4460	araH	0.0	False	0.9823718127269785	0.9823718127269785
b3693	dgoK	0.0	False	0.9823718127269785	0.9823718127269785
b3909	kdgT	0.0	False	0.9823718127269785	0.9823718127269785
b0604	dsbG	0.0	False	0.9823718127269785	0.9823718127269785
b3526	kdgK	0.0	False	0.9823718127269785	0.9823718127269785
b2601	aroF	0.0	False	0.9823718127269785	0.9823718127269785
b1901	araF	0.0	False	0.9823718127269785	0.9823718127269785
b2841	araE	0.0	False	0.9823718127269785	0.9823718127269785
b4122	fumB	0.0	False	0.9823718127269785	0.9823718127269785
b0754	aroG	0.0	False	0.9823718127269785	0.9823718127269785
b1528	ydeA	0.0	False	0.9823718127269785	0.9823718127269785
b1098	tmk	0.9999999999999989	True	0.9823718127269785	1.0993846592890863e-15
b1704	aroH	0.0	False	0.9823718127269785	0.9823718127269891
b2147	preA	0.0	False	0.9823718127269785	0.9823718127269785
b4477	dgoA	0.0	False	0.9823718127269785	0.9823718127269785
b4115	adiC	0.0	False	0.9823718127269785	0.9823718127269785
b2146	preT	0.0	False	0.9823718127269785	0.9823718127269785
b4117	adiA	0.0	False	0.9823718127269785	0.9823718127269785
b3648	gmk	1.0	True	0.9823718127269785	0.0
b1238	tdk	0.0	False	0.9823718127269785	0.982371812726982
b1393	paaF	0.0	False	0.9823718127269785	0.9823718127269796
b2938	speA	0.0	False	0.9823718127269785	0.9823718127269796
b1605	ydgI	0.0	False	0.9823718127269785	0.9823718127269796
b4382	deoA	0.0	False	0.9823718127269785	0.9823718127269796
b3960	argH	1.0	True	0.9823718127269785	0.0
b3771	ilvD	1.0	True	0.9823718127269785	0.0
b4384	deoD	0.0	False	0.9823718127269785	0.982371812726983
b1199	dhaL	0.0	False	0.9823718127269785	0.9823718127269796
b3172	argG	0.9999999999999989	True	0.9823718127269785	1.0993846592890865e-15
b3640	dut	1.1075425312870173e-14	False	0.9823718127269785	0.9823718127269676
b1876	argS	0.0	False	0.9823718127269785	0.9823718127269796
b1200	dhaK	0.0	False	0.9823718127269785	0.9823718127269796
b1198	dhaM	0.0	False	0.9823718127269785	0.9823718127269796
b2251	nudI	0.0	False	0.9823718127269785	0.9823718127269796
b0596	entA	0.0	False	0.9823718127269785	0.9823718127269796
b0594	entE	0.0	False	0.9823718127269785	0.9823718127269796
b2541	hcaB	0.0	False	0.9823718127269785	0.9823718127269796
b2306	hisP	0.0	False	0.9823718127269785	0.9823718127269796
b2308	hisQ	0.0	False	0.9823718127269785	0.9823718127269796
b0173	dxr	1.0	True	0.9823718127269785	0.0
b0861	artM	0.0	False	0.9823718127269785	0.9823718127269792
b0348	mhpB	0.0	False	0.9823718127269785	0.9823718127269796
b0420	dxs	1.0	True	0.9823718127269785	-1.0993846592890865e-15
b0031	dapB	1.0	True	0.9823718127269785	0.0
b2307	hisM	0.0	False	0.9823718127269785	0.9823718127269833
b2310	argT	0.0	False	0.9823718127269785	0.9823718127269796
b3564	xylB	0.0	False	0.9823718127269785	0.9823718127269796
b0864	artP	0.0	False	0.9823718127269785	0.9823718127269796
b0860	artJ	0.0	False	0.9823718127269785	0.9823718127269796
b0862	artQ	0.0	False	0.9823718127269785	0.9823718127269796
b0863	artI	0.0	False	0.9823718127269785	0.9823718127269796
b2478	dapA	1.0	True	0.9823718127269785	-1.0993846592890865e-15
b1606	folM	0.0	False	0.9823718127269785	0.9823718127269898
b1779	gapA	0.12857792741319576	False	0.9823718127269785	0.8560604810973995
b0048	folA	0.0	False	0.9823718127269785	0.9823718127269788
b2923	argO	1.9212472481509482e-15	False	0.9823718127269785	0.9823718127269766
b2927	epd	1.9212472481509482e-15	False	0.9823718127269785	0.9823718127269766
b2315	folC	1.0	True	0.9823718127269785	-9.003960359577617e-13
b1288	fabI	1.0	True	0.9823718127269785	0.0
b3930	menA	6.441829008506121e-15	False	0.9823718127269785	0.9823718127269722
b3433	asd	0.9999999999999989	True	0.9823718127269785	1.0993846592890863e-15
b4192	ulaG	1.9212472481509482e-15	False	0.9823718127269785	0.9823718127269766
b3622	waaL	1.0962410768861293e-14	False	0.9823718127269785	0.9823718127269677
b4195	ulaC	1.0962410768861293e-14	False	0.9823718127269785	0.9823718127269677
b4193	ulaA	1.0962410768861293e-14	False	0.9823718127269785	0.9823718127269677
b2262	menB	1.0962410768861293e-14	False	0.9823718127269785	0.9823718127269677
b0736	ybgC	1.0962410768861293e-14	False	0.9823718127269785	0.9823718127269677
b4194	ulaB	1.0962410768861293e-14	False	0.9823718127269785	0.9823718127269677
b3793	wzyE	1.0962410768861293e-14	False	0.9823718127269785	0.9823718127269677
b3785	wzzE	1.0962410768861293e-14	False	0.9823718127269785	0.9823718127269677
b3058	folB	1.0	True	0.9823718127269785	-1.818382226464149e-12
b3792	wzxE	0.0	False	0.9823718127269785	0.9823718127269812
b0945	pyrD	1.0962410768861293e-14	False	0.9823718127269785	0.9823718127269677
b1767	ansA	1.0962410768861293e-14	False	0.9823718127269785	0.9823718127269677
b0828	iaaA	1.0962410768861293e-14	False	0.9823718127269785	0.9823718127269677
b2341	fadJ	1.0962410768861293e-14	False	0.9823718127269785	0.9823718127269677
b1850	eda	1.0962410768861293e-14	False	0.9823718127269785	0.9823718127269677
b2957	ansB	1.0962410768861293e-14	False	0.9823718127269785	0.9823718127269677
b1062	pyrC	0.9999999999999989	True	0.9823718127269785	1.0993846592890863e-15
b1851	edd	0.0	False	0.9823718127269785	0.9823718127269799
b3177	folP	1.0	True	0.9823718127269785	-1.818382226464149e-12
b0674	asnB	4.9726399363906895e-15	False	0.9823718127269785	0.9823718127269736
b1054	lpxL	1.0962410768861293e-14	False	0.9823718127269785	0.9823718127269677
b3744	asnA	0.0009988140701584272	False	0.9823718127269785	0.9813906059382997
b0930	asnS	2.3733054241864654e-15	False	0.9823718127269785	0.9823718127269762
b0578	nfsB	1.0962410768861293e-14	False	0.9823718127269785	0.9823718127269677
b2303	folX	1.0962410768861293e-14	False	0.9823718127269785	0.9823718127269677
b1855	lpxM	1.0962410768861293e-14	False	0.9823718127269785	0.9823718127269677
b3389	aroB	1.0	True	0.9823718127269785	-2.1987693185781726e-15
b1453	ansP	0.0	False	0.9823718127269785	0.982371812726985
b3502	arsB	1.0962410768861293e-14	False	0.9823718127269785	0.9823718127269677
b2378	lpxP	1.0962410768861293e-14	False	0.9823718127269785	0.9823718127269677
b0131	panD	0.9999999999981948	True	0.9823718127269785	1.7733074554332965e-12
b1693	aroD	0.9999999999999997	True	0.9823718127269785	2.937087157046404e-16
b0421	ispA	1.0	True	0.9823718127269785	0.0
b2779	eno	0.07882314210945325	False	0.9823718127269785	0.9049381797280787
b0029	ispH	1.0	True	0.9823718127269785	0.0
b2232	ubiG	6.6678580965238795e-15	False	0.9823718127269785	0.9823718127269719
b4244	pyrI	0.0	False	0.9823718127269785	0.9823718127269926
b4245	pyrB	1.0	True	0.9823718127269785	-2.4851518549365395e-15
b0583	entD	0.0	False	0.9823718127269785	0.982371812726982
b4024	lysC	0.0	False	0.9823718127269785	0.9823718127269926
b1590	ynfH	0.0	False	0.9823718127269785	0.9823718127269926
b1588	ynfF	0.0	False	0.9823718127269785	0.9823718127269926
b1589	ynfG	0.0	False	0.9823718127269785	0.9823718127269926
b0585	fes	0.0	False	0.9823718127269785	0.9823718127269926
b0895	dmsB	0.0	False	0.9823718127269785	0.9823718127269926
b0002	thrA	0.0	False	0.9823718127269785	0.9823718127269926
b2441	eutB	0.0	False	0.9823718127269785	0.9823718127269926
b3940	metL	0.0	False	0.9823718127269785	0.9823718127269926
b2440	eutC	0.0	False	0.9823718127269785	0.9823718127269926
b2574	nadB	1.0	True	0.9823718127269785	-1.52961096671344e-12
b2500	purN	0.001563413075267725	False	0.9823718127269785	0.9808359597901867
b0825	fsaA	0.0	False	0.9823718127269785	0.9823718127269867
b1415	aldA	0.9999999999984847	True	0.9823718127269785	1.488605961106987e-12
b4139	aspA	0.0	False	0.9823718127269785	0.9823718127269827
b0928	aspC	0.9999999999999102	True	0.9823718127269785	8.822289085024714e-14
b3946	fsaB	0.0	False	0.9823718127269785	0.9823718127269844
b1866	aspS	0.0	False	0.9823718127269785	0.9823718127269891
b0652	gltL	0.0	False	0.9823718127269785	0.9823718127269891
b0822	ybiV	0.0	False	0.9823718127269785	0.9823718127269891
b0654	gltJ	0.0	False	0.9823718127269785	0.9823718127269891
b2052	wcaG	0.0	False	0.9823718127269785	0.9823718127269891
b2784	relA	0.0	False	0.9823718127269785	0.9823718127269891
b3666	uhpT	0.0	False	0.9823718127269785	0.9823718127269891
b3650	spoT	0.0	False	0.9823718127269785	0.9823718127269891
b0404	acpH	0.0	False	0.9823718127269785	0.9823718127269891
b2051	wcaH	0.0	False	0.9823718127269785	0.9823718127269891
b3747	kup	0.0	False	0.9823718127269785	0.9823718127269891
b0452	tesB	0.010520690315250119	False	0.9823718127269785	0.9720365831108471
b0842	mdfA	0.0	False	0.9823718127269785	0.9823718127269787
b2467	nudK	0.0	False	0.9823718127269785	0.9823718127269844
b3729	glmS	0.9999999999999996	True	0.9823718127269785	4.955588104715292e-16
b1298	puuD	5.424698112426207e-15	False	0.9823718127269785	0.9823718127269732
b1805	fadD	0.0	False	0.9823718127269785	0.982371812726986
b1301	puuB	0.0	False	0.9823718127269785	0.982371812726986
b1297	puuA	0.0	False	0.9823718127269785	0.982371812726986
b1701	fadK	0.0	False	0.9823718127269785	0.982371812726986
b3882	yihU	0.0	False	0.9823718127269785	0.982371812726986
b0047	kefC	0.0	False	0.9823718127269785	0.982371812726986
b3844	fre	0.002261453003384538	False	0.9823718127269785	0.9801502250406467
b3350	kefB	0.0	False	0.9823718127269785	0.9823718127270028
b3432	glgB	2.2263865169749225e-14	False	0.9823718127269785	0.9823718127269566
b2763	cysI	0.999999999999985	True	0.9823718127269785	1.4758761198868282e-14
b0459	maa	9.041163520710345e-16	False	0.9823718127269785	0.9823718127269776
b0308	ykgG	1.5482992529216465e-14	False	0.9823718127269785	0.9823718127269633
b0306	ykgE	1.5482992529216465e-14	False	0.9823718127269785	0.9823718127269633
b0307	ykgF	1.5482992529216465e-14	False	0.9823718127269785	0.9823718127269633
b2764	cysJ	1.0	True	0.9823718127269785	-1.0993846592890865e-15
b3605	lldD	0.0	False	0.9823718127269785	0.9823718127269832
b0837	yliI	1.5482992529216465e-14	False	0.9823718127269785	0.9823718127269633
b0124	gcd	1.5482992529216465e-14	False	0.9823718127269785	0.9823718127269633
b2925	fbaA	1.5482992529216465e-14	False	0.9823718127269785	0.9823718127269633
b3415	gntT	1.796931249741181e-14	False	0.9823718127269785	0.9823718127269608
b2257	arnT	1.796931249741181e-14	False	0.9823718127269785	0.9823718127269608
b1773	ydjI	1.796931249741181e-14	False	0.9823718127269785	0.9823718127269608
b0344	lacZ	1.796931249741181e-14	False	0.9823718127269785	0.9823718127269608
b2132	bglX	1.796931249741181e-14	False	0.9823718127269785	0.9823718127269608
b4476	gntU	1.796931249741181e-14	False	0.9823718127269785	0.9823718127269608
b3428	glgP	1.796931249741181e-14	False	0.9823718127269785	0.9823718127269608
b1326	mpaA	1.796931249741181e-14	False	0.9823718127269785	0.9823718127269608
b2097	fbaB	1.796931249741181e-14	False	0.9823718127269785	0.9823718127269608
b4130	dtpC	1.796931249741181e-14	False	0.9823718127269785	0.9823718127269608
b3417	malP	1.796931249741181e-14	False	0.9823718127269785	0.9823718127269608
b3925	glpX	1.796931249741181e-14	False	0.9823718127269785	0.9823718127269608
b3126	garL	1.796931249741181e-14	False	0.9823718127269785	0.9823718127269608
b2787	gudD	1.796931249741181e-14	False	0.9823718127269785	0.9823718127269608
b3496	dtpB	1.796931249741181e-14	False	0.9823718127269785	0.9823718127269608
b4232	fbp	1.796931249741181e-14	False	0.9823718127269785	0.9823718127269608
b1634	dtpA	1.796931249741181e-14	False	0.9823718127269785	0.9823718127269608
b2788	gudX	1.796931249741181e-14	False	0.9823718127269785	0.9823718127269608
b3429	glgA	1.796931249741181e-14	False	0.9823718127269785	0.9823718127269608
b2930	yggF	1.796931249741181e-14	False	0.9823718127269785	0.9823718127269608
b3631	waaG	1.796931249741181e-14	False	0.9823718127269785	0.9823718127269608
b3627	waaO	1.796931249741181e-14	False	0.9823718127269785	0.9823718127269608
b3626	waaR	1.796931249741181e-14	False	0.9823718127269785	0.9823718127269608
b0709	dtpD	1.796931249741181e-14	False	0.9823718127269785	0.9823718127269608
b2799	fucO	1.796931249741181e-14	False	0.9823718127269785	0.9823718127269608
b2802	fucI	1.796931249741181e-14	False	0.9823718127269785	0.9823718127269608
b0070	setA	1.796931249741181e-14	False	0.9823718127269785	0.9823718127269608
b1621	malX	1.796931249741181e-14	False	0.9823718127269785	0.9823718127269608
b3431	glgX	1.796931249741181e-14	False	0.9823718127269785	0.9823718127269608
b3430	glgC	1.796931249741181e-14	False	0.9823718127269785	0.9823718127269608
b2803	fucK	1.796931249741181e-14	False	0.9823718127269785	0.9823718127269608
b2170	setB	1.796931249741181e-14	False	0.9823718127269785	0.9823718127269608
b2800	fucA	1.796931249741181e-14	False	0.9823718127269785	0.9823718127269608
b3870	glnA	1.796931249741181e-14	False	0.9823718127269785	0.9823718127269608
b2738	ygbL	1.796931249741181e-14	False	0.9823718127269785	0.9823718127269608
b0680	glnS	1.796931249741181e-14	False	0.9823718127269785	0.9823718127269608
b0343	lacY	1.796931249741181e-14	False	0.9823718127269785	0.9823718127269608
b0475	hemH	1.0	True	0.9823718127269785	-1.1145688202387226e-16
b1380	ldhA	0.0	False	0.9823718127269785	0.9823718127269888
b2133	dld	1.796931249741181e-14	False	0.9823718127269785	0.9823718127269608
b0810	glnP	1.796931249741181e-14	False	0.9823718127269785	0.9823718127269608
b3892	fdoI	1.796931249741181e-14	False	0.9823718127269785	0.9823718127269608
b0809	glnQ	1.796931249741181e-14	False	0.9823718127269785	0.9823718127269608
b4054	tyrB	1.796931249741181e-14	False	0.9823718127269785	0.9823718127269608
b0642	leuS	1.796931249741181e-14	False	0.9823718127269785	0.9823718127269608
b1475	fdnH	1.796931249741181e-14	False	0.9823718127269785	0.9823718127269608
b3458	livK	1.796931249741181e-14	False	0.9823718127269785	0.9823718127269608
b0811	glnH	1.796931249741181e-14	False	0.9823718127269785	0.9823718127269608
b1474	fdnG	1.796931249741181e-14	False	0.9823718127269785	0.9823718127269608
b3894	fdoG	1.796931249741181e-14	False	0.9823718127269785	0.9823718127269608
b2091	gatD	1.796931249741181e-14	False	0.9823718127269785	0.9823718127269608
b1651	gloA	1.796931249741181e-14	False	0.9823718127269785	0.9823718127269608
b1476	fdnI	1.796931249741181e-14	False	0.9823718127269785	0.9823718127269608
b3893	fdoH	1.796931249741181e-14	False	0.9823718127269785	0.9823718127269608
b0242	proB	0.0009160197587658837	False	0.9823718127269785	0.9814719407360659
b0935	ssuD	0.0	False	0.9823718127269785	0.9823718127269891
b0622	pagP	1.796931249741181e-14	False	0.9823718127269785	0.9823718127269608
b3409	feoB	1.796931249741181e-14	False	0.9823718127269785	0.9823718127269608
b4386	lplA	1.796931249741181e-14	False	0.9823718127269785	0.9823718127269608
b1492	gadC	1.796931249741181e-14	False	0.9823718127269785	0.9823718127269608
b2688	gshA	1.796931249741181e-14	False	0.9823718127269785	0.9823718127269608
b0630	lipB	1.796931249741181e-14	False	0.9823718127269785	0.9823718127269608
b2392	mntH	1.796931249741181e-14	False	0.9823718127269785	0.9823718127269608
b0628	lipA	1.796931249741181e-14	False	0.9823718127269785	0.9823718127269608
b1493	gadB	1.796931249741181e-14	False	0.9823718127269785	0.9823718127269608
b4289	fecC	1.796931249741181e-14	False	0.9823718127269785	0.9823718127269608
b3517	gadA	1.796931249741181e-14	False	0.9823718127269785	0.9823718127269608
b0182	lpxB	1.0	True	0.9823718127269785	-3.113732942894291e-16
b4288	fecD	0.0	False	0.9823718127269785	0.9823718127269814
b0494	tesA	0.0	False	0.9823718127269785	0.9823718127269806
b1761	gdhA	0.03420172016021034	False	0.9823718127269785	0.9487730068948118
b1524	glsB	0.0	False	0.9823718127269785	0.9823718127269837
b4287	fecE	3.390436320266379e-16	False	0.9823718127269785	0.9823718127269782
b0485	glsA	3.390436320266379e-16	False	0.9823718127269785	0.9823718127269782
b2312	purF	1.0	True	0.9823718127269785	-4.983900121720391e-14
b3825	pldB	3.390436320266379e-16	False	0.9823718127269785	0.9823718127269782
b4131	cadA	3.390436320266379e-16	False	0.9823718127269785	0.9823718127269782
b4290	fecB	3.390436320266379e-16	False	0.9823718127269785	0.9823718127269782
b0186	ldcC	3.390436320266379e-16	False	0.9823718127269785	0.9823718127269782
b3967	murI	1.0	True	0.9823718127269785	-3.5477430626969683e-16
b4291	fecA	0.0	False	0.9823718127269785	0.9823718127269794
b0589	fepG	3.390436320266379e-16	False	0.9823718127269785	0.9823718127269782
b3213	gltD	3.390436320266379e-16	False	0.9823718127269785	0.9823718127269782
b2890	lysS	3.390436320266379e-16	False	0.9823718127269785	0.9823718127269782
b3212	gltB	3.390436320266379e-16	False	0.9823718127269785	0.9823718127269782
b0588	fepC	3.390436320266379e-16	False	0.9823718127269785	0.9823718127269782
b1210	hemA	1.0	True	0.9823718127269785	0.0
b2156	lysP	0.0	False	0.9823718127269785	0.9823718127269807
b0590	fepD	3.390436320266379e-16	False	0.9823718127269785	0.9823718127269782
b2400	gltX	0.9999999999999994	True	0.9823718127269785	5.315343205508781e-16
b0592	fepB	0.0	False	0.9823718127269785	0.9823718127269818
b3903	rhaA	3.390436320266379e-16	False	0.9823718127269785	0.9823718127269782
b2155	cirA	3.390436320266379e-16	False	0.9823718127269785	0.9823718127269782
b3907	rhaT	3.390436320266379e-16	False	0.9823718127269785	0.9823718127269782
b3653	gltS	3.390436320266379e-16	False	0.9823718127269785	0.9823718127269782
b0507	gcl	3.390436320266379e-16	False	0.9823718127269785	0.9823718127269782
b3927	glpF	3.390436320266379e-16	False	0.9823718127269785	0.9823718127269782
b0805	fiu	3.390436320266379e-16	False	0.9823718127269785	0.9823718127269782
b3617	kbl	3.390436320266379e-16	False	0.9823718127269785	0.9823718127269782
b3600	mtlD	3.390436320266379e-16	False	0.9823718127269785	0.9823718127269782
b0777	bioC	1.0	True	0.9823718127269785	-3.872196860041212e-16
b1800	dmlA	4.294552672337414e-15	False	0.9823718127269785	0.9823718127269743
b0150	fhuA	3.2774217762575e-15	False	0.9823718127269785	0.9823718127269753
b2976	glcB	3.2774217762575e-15	False	0.9823718127269785	0.9823718127269753
b2240	glpT	3.2774217762575e-15	False	0.9823718127269785	0.9823718127269753
b0514	glxK	3.2774217762575e-15	False	0.9823718127269785	0.9823718127269753
b0584	fepA	3.2774217762575e-15	False	0.9823718127269785	0.9823718127269753
b3124	garK	3.2774217762575e-15	False	0.9823718127269785	0.9823718127269753
b0591	entS	3.2774217762575e-15	False	0.9823718127269785	0.9823718127269753
b4014	aceB	3.2774217762575e-15	False	0.9823718127269785	0.9823718127269753
b4367	fhuF	3.2774217762575e-15	False	0.9823718127269785	0.9823718127269753
b2049	cpsB	3.2774217762575e-15	False	0.9823718127269785	0.9823718127269753
b2903	gcvP	0.00016983157554318316	False	0.9823718127269785	0.9822049749742539
b2904	gcvH	0.00016983157554205302	False	0.9823718127269785	0.982204974974255
b2905	gcvT	0.00016983157554205302	False	0.9823718127269785	0.982204974974255
b4209	ytfE	1.2144182970135368e-05	False	0.9823718127269785	0.98235988262394
b2490	hyfJ	0.0	False	0.9823718127269785	0.9823718127269855
b1033	ghrA	0.0	False	0.9823718127269785	0.982371812726979
b1613	manA	0.0	False	0.9823718127269785	0.982371812726979
b4323	uxuB	0.0	False	0.9823718127269785	0.982371812726979
b2979	glcD	1.5261059411043127e-05	False	0.9823718127269785	0.9823568206923807
b2481	hyfA	3.2774217762575e-15	False	0.9823718127269785	0.9823718127269753
b4467	glcF	1.5261059411156142e-05	False	0.9823718127269785	0.9823568206923806
b0731	mngA	3.2774217762575e-15	False	0.9823718127269785	0.9823718127269753
b2485	hyfE	0.0	False	0.9823718127269785	0.982371812726979
b0732	mngB	0.0	False	0.9823718127269785	0.982371812726979
b0334	prpD	0.0	False	0.9823718127269785	0.982371812726979
b4468	glcE	1.5261059411156142e-05	False	0.9823718127269785	0.9823568206923806
b3926	glpK	3.2774217762575e-15	False	0.9823718127269785	0.9823718127269753
b2720	hycF	0.0	False	0.9823718127269785	0.982371812726979
b0212	gloB	0.0	False	0.9823718127269785	0.982371812726979
b3560	glyQ	0.0	False	0.9823718127269785	0.982371812726979
b0331	prpB	0.0	False	0.9823718127269785	0.982371812726979
b0333	prpC	0.0	False	0.9823718127269785	0.982371812726979
b1092	fabD	1.0	True	0.9823718127269785	-1.3327105963306914e-16
b3559	glyS	0.0	False	0.9823718127269785	0.9823718127269837
b2721	hycE	3.7294799522930175e-15	False	0.9823718127269785	0.9823718127269748
b2053	gmd	3.7294799522930175e-15	False	0.9823718127269785	0.9823718127269748
b2521	sseA	3.7294799522930175e-15	False	0.9823718127269785	0.9823718127269748
b2723	hycC	3.7294799522930175e-15	False	0.9823718127269785	0.9823718127269748
b0635	mrdA	3.7294799522930175e-15	False	0.9823718127269785	0.9823718127269748
b2484	hyfD	3.7294799522930175e-15	False	0.9823718127269785	0.9823718127269748
b3396	mrcA	3.7294799522930175e-15	False	0.9823718127269785	0.9823718127269748
b3052	hldE	3.7294799522930175e-15	False	0.9823718127269785	0.9823718127269748
b2488	hyfH	3.7294799522930175e-15	False	0.9823718127269785	0.9823718127269748
b0200	gmhB	3.7294799522930175e-15	False	0.9823718127269785	0.9823718127269748
b2487	hyfG	3.7294799522930175e-15	False	0.9823718127269785	0.9823718127269748
b0104	guaC	3.7294799522930175e-15	False	0.9823718127269785	0.9823718127269748
b0084	ftsI	3.7294799522930175e-15	False	0.9823718127269785	0.9823718127269748
b2724	hycB	3.7294799522930175e-15	False	0.9823718127269785	0.9823718127269748
b2486	hyfF	3.7294799522930175e-15	False	0.9823718127269785	0.9823718127269748
b4079	fdhF	3.7294799522930175e-15	False	0.9823718127269785	0.9823718127269748
b0149	mrcB	3.7294799522930175e-15	False	0.9823718127269785	0.9823718127269748
b0632	dacA	3.7294799522930175e-15	False	0.9823718127269785	0.9823718127269748
b0839	dacC	3.7294799522930175e-15	False	0.9823718127269785	0.9823718127269748
b2507	guaA	1.0	True	0.9823718127269785	-8.79507727431269e-15
b2029	gnd	0.006983373266447844	False	0.9823718127269785	0.975511543672269
b2722	hycD	2.147276336168707e-15	False	0.9823718127269785	0.9823718127269764
b4268	idnK	1.1866527120932328e-14	False	0.9823718127269785	0.9823718127269668
b3182	dacB	1.1866527120932328e-14	False	0.9823718127269785	0.9823718127269668
b2483	hyfC	1.1866527120932328e-14	False	0.9823718127269785	0.9823718127269668
b3437	gntK	1.1866527120932328e-14	False	0.9823718127269785	0.9823718127269668
b2489	hyfI	1.1866527120932328e-14	False	0.9823718127269785	0.9823718127269668
b2482	hyfB	1.1866527120932328e-14	False	0.9823718127269785	0.9823718127269668
b2010	dacD	1.1866527120932328e-14	False	0.9823718127269785	0.9823718127269668
b2719	hycG	1.1866527120932328e-14	False	0.9823718127269785	0.9823718127269668
b2134	pbpG	1.1866527120932328e-14	False	0.9823718127269785	0.9823718127269668
b3449	ugpQ	1.1866527120932328e-14	False	0.9823718127269785	0.9823718127269668
b3924	fpr	1.1866527120932328e-14	False	0.9823718127269785	0.9823718127269668
b2239	glpQ	1.1866527120932328e-14	False	0.9823718127269785	0.9823718127269668
b2328	mepA	1.1866527120932328e-14	False	0.9823718127269785	0.9823718127269668
b2895	fldB	1.1866527120932328e-14	False	0.9823718127269785	0.9823718127269668
b3236	mdh	0.016263860452734962	False	0.9823718127269785	0.9663946546520866
b1654	grxD	1.130145440088793e-15	False	0.9823718127269785	0.9823718127269774
b0684	fldA	1.2431599840976725e-14	False	0.9823718127269785	0.9823718127269663
b0849	grxA	1.2431599840976725e-14	False	0.9823718127269785	0.9823718127269663
b2210	mqo	1.2431599840976725e-14	False	0.9823718127269785	0.9823718127269663
b1479	maeA	1.2431599840976725e-14	False	0.9823718127269785	0.9823718127269663
b3288	fmt	1.2431599840976725e-14	False	0.9823718127269785	0.9823718127269663
b2463	maeB	1.2431599840976725e-14	False	0.9823718127269785	0.9823718127269663
b3610	grxC	1.2431599840976725e-14	False	0.9823718127269785	0.9823718127269663
b0477	gsk	1.2431599840976725e-14	False	0.9823718127269785	0.9823718127269663
b0025	ribF	1.0	True	0.9823718127269785	-3.2981539778672584e-15
b2988	gss	0.0	False	0.9823718127269785	0.9823718127269792
b2515	ispG	1.0	True	0.9823718127269785	-3.264642277294237e-16
b0937	ssuE	6.780872640532758e-16	False	0.9823718127269785	0.9823718127269778
b2746	ispF	0.9999999999999989	True	0.9823718127269785	1.0993846592890861e-15
b4120	melB	0.0	False	0.9823718127269785	0.9823718127269836
b2747	ispD	1.0	True	0.9823718127269785	0.0
b3500	gor	0.0	False	0.9823718127269785	0.9823718127269796
b1710	btuE	1.2431599840976725e-14	False	0.9823718127269785	0.9823718127269663
b2912	fau	1.2431599840976725e-14	False	0.9823718127269785	0.9823718127269663
b3447	ggt	1.2431599840976725e-14	False	0.9823718127269785	0.9823718127269663
b0829	gsiA	1.2431599840976725e-14	False	0.9823718127269785	0.9823718127269663
b0830	gsiB	1.2431599840976725e-14	False	0.9823718127269785	0.9823718127269663
b0831	gsiC	1.2431599840976725e-14	False	0.9823718127269785	0.9823718127269663
b2942	metK	1.0	True	0.9823718127269785	0.0
b0199	metN	5.763741744452845e-15	False	0.9823718127269785	0.9823718127269728
b0198	metI	0.0	False	0.9823718127269785	0.9823718127269838
b0197	metQ	0.0	False	0.9823718127269785	0.9823718127269838
b4019	metH	0.0	False	0.9823718127269785	0.9823718127269838
b3829	metE	0.0	False	0.9823718127269785	0.9823718127269838
b2374	frc	0.0	False	0.9823718127269785	0.9823718127269838
b4219	msrA	0.0	False	0.9823718127269785	0.9823718127269838
b1778	msrB	0.0	False	0.9823718127269785	0.9823718127269838
b0832	gsiD	0.0	False	0.9823718127269785	0.9823718127269838
b2947	gshB	0.0	False	0.9823718127269785	0.9823718127269838
b2492	focB	0.0	False	0.9823718127269785	0.9823718127269838
b2153	folE	1.0	True	0.9823718127269785	-5.396453684367373e-13
b0904	focA	2.260290880177586e-16	False	0.9823718127269785	0.9823718127269783
b2114	metG	0.0	False	0.9823718127269785	0.982371812726988
b1277	ribA	1.0	True	0.9823718127269785	0.0
b4154	frdA	0.0	False	0.9823718127269785	0.9823718127269863
b3779	gpp	0.0	False	0.9823718127269785	0.9823718127269818
b4242	mgtA	0.0	False	0.9823718127269785	0.9823718127269818
b0963	mgsA	0.0	False	0.9823718127269785	0.9823718127269818
b0403	malZ	0.0	False	0.9823718127269785	0.9823718127269818
b4153	frdB	0.0	False	0.9823718127269785	0.9823718127269818
b1193	emtA	0.0	False	0.9823718127269785	0.9823718127269818
b2883	guaD	0.0	False	0.9823718127269785	0.9823718127269818
b4152	frdC	0.0	False	0.9823718127269785	0.9823718127269818
b0125	hpt	0.0	False	0.9823718127269785	0.9823718127269818
b4151	frdD	0.0	False	0.9823718127269785	0.9823718127269818
b0238	gpt	0.0	False	0.9823718127269785	0.9823718127269818
b2558	mltF	0.0	False	0.9823718127269785	0.9823718127269818
b2168	fruK	0.0	False	0.9823718127269785	0.9823718127269818
b2813	mltA	0.0	False	0.9823718127269785	0.9823718127269818
b3092	uxaC	0.0	False	0.9823718127269785	0.9823718127269818
b3371	frlB	0.0	False	0.9823718127269785	0.9823718127269818
b3875	ompL	0.0	False	0.9823718127269785	0.9823718127269818
b4392	slt	0.0	False	0.9823718127269785	0.9823718127269818
b2701	mltB	0.0	False	0.9823718127269785	0.9823718127269818
b2963	mltC	0.0	False	0.9823718127269785	0.9823718127269818
b4474	frlC	0.0	False	0.9823718127269785	0.9823718127269818
b0957	ompA	0.0	False	0.9823718127269785	0.9823718127269818
b3374	frlD	0.0	False	0.9823718127269785	0.9823718127269818
b2919	scpB	0.0	False	0.9823718127269785	0.9823718127269818
b3370	frlA	0.0	False	0.9823718127269785	0.9823718127269818
b1319	ompG	0.0	False	0.9823718127269785	0.9823718127269818
b4321	gntP	0.0	False	0.9823718127269785	0.9823718127269818
b0875	aqpZ	0.0	False	0.9823718127269785	0.9823718127269818
b0260	mmuP	0.0	False	0.9823718127269785	0.9823718127269818
b2917	scpA	0.0	False	0.9823718127269785	0.9823718127269818
b3599	mtlA	0.0	False	0.9823718127269785	0.9823718127269818
b1395	paaH	0.0	False	0.9823718127269785	0.9823718127269818
b2167	fruA	0.0	False	0.9823718127269785	0.9823718127269818
b4040	ubiA	1.0	True	0.9823718127269785	0.0
b4322	uxuA	6.780872640532758e-16	False	0.9823718127269785	0.9823718127269778
b2169	fruB	9.8322653287725e-15	False	0.9823718127269785	0.9823718127269688
b0784	moaD	1.0	True	0.9823718127269785	-3.298153977867259e-15
b0353	mhpT	0.0	False	0.9823718127269785	0.982371812726991
b1232	purU	1.469189072115431e-15	False	0.9823718127269785	0.982371812726977
b0126	can	1.469189072115431e-15	False	0.9823718127269785	0.982371812726977
b0339	cynT	1.469189072115431e-15	False	0.9823718127269785	0.982371812726977
b0261	mmuM	1.469189072115431e-15	False	0.9823718127269785	0.982371812726977
b3633	waaA	0.9999999999999997	True	0.9823718127269785	3.2575107396878926e-16
b3624	waaZ	0.0	False	0.9823718127269785	0.9823718127269874
b2801	fucP	0.0	False	0.9823718127269785	0.9823718127269833
b3917	sbp	0.0	False	0.9823718127269785	0.9823718127269833
b0428	cyoE	0.0	False	0.9823718127269785	0.9823718127269833
b3630	waaP	0.0	False	0.9823718127269785	0.9823718127269833
b1611	fumC	0.0	False	0.9823718127269785	0.9823718127269833
b3625	waaY	0.0	False	0.9823718127269785	0.9823718127269833
b3621	waaC	0.0	False	0.9823718127269785	0.9823718127269833
b0764	modB	0.0	False	0.9823718127269785	0.9823718127269833
b1612	fumA	0.0	False	0.9823718127269785	0.9823718127269833
b3620	waaF	0.0	False	0.9823718127269785	0.9823718127269833
b0621	dcuC	0.0	False	0.9823718127269785	0.9823718127269833
b3632	waaQ	0.0	False	0.9823718127269785	0.9823718127269833
b3623	waaU	0.0	False	0.9823718127269785	0.9823718127269833
b2423	cysW	0.0	False	0.9823718127269785	0.9823718127269833
b0765	modC	0.0	False	0.9823718127269785	0.9823718127269833
b3730	glmU	1.0	True	0.9823718127269785	0.0
b2424	cysU	8.702119888683707e-15	False	0.9823718127269785	0.9823718127269699
b2425	cysP	1.0397338048816896e-14	False	0.9823718127269785	0.9823718127269683
b2104	thiM	1.0397338048816896e-14	False	0.9823718127269785	0.9823718127269683
b1002	agp	1.0397338048816896e-14	False	0.9823718127269785	0.9823718127269683
b2388	glk	1.0397338048816896e-14	False	0.9823718127269785	0.9823718127269683
b0763	modA	1.0397338048816896e-14	False	0.9823718127269785	0.9823718127269683
b2422	cysA	1.0397338048816896e-14	False	0.9823718127269785	0.9823718127269683
b3789	rffH	1.0397338048816896e-14	False	0.9823718127269785	0.9823718127269683
b2877	mocA	1.0397338048816896e-14	False	0.9823718127269785	0.9823718127269683
b0394	mak	1.0397338048816896e-14	False	0.9823718127269785	0.9823718127269683
b2039	rfbA	1.0397338048816896e-14	False	0.9823718127269785	0.9823718127269683
b2020	hisD	1.0	True	0.9823718127269785	0.0
b2022	hisB	1.0	True	0.9823718127269785	0.0
b0134	panB	1.0	True	0.9823718127269785	0.0
b0009	mog	1.0	True	0.9823718127269785	-4.14350148531768e-16
b2519	pbpC	7.571974448594913e-15	False	0.9823718127269785	0.982371812726971
b1069	murJ	0.9999999999999989	True	0.9823718127269785	1.0993846592890863e-15
b0154	hemL	1.0	True	0.9823718127269785	0.0
b2514	hisS	0.0	False	0.9823718127269785	0.9823718127269807
b2533	suhB	4.407567216346293e-15	False	0.9823718127269785	0.9823718127269742
b2309	hisJ	4.407567216346293e-15	False	0.9823718127269785	0.9823718127269742
b0112	aroP	4.407567216346293e-15	False	0.9823718127269785	0.9823718127269742
b0785	moaE	0.9999999999999989	True	0.9823718127269785	1.0993846592890863e-15
b0826	moeB	1.0	True	0.9823718127269785	0.0
b1008	rutE	0.0	False	0.9823718127269785	0.9823718127269802
b0349	mhpC	0.0	False	0.9823718127269785	0.9823718127269814
b4055	aphA	0.0	False	0.9823718127269785	0.9823718127269814
b3805	hemC	1.0	True	0.9823718127269785	-1.8753310467787096e-16
b0529	folD	0.011883202710387515	False	0.9823718127269785	0.970698089339373
b4041	plsB	9.8322653287725e-15	False	0.9823718127269785	0.9823718127269688
b3941	metF	0.9999999999999989	True	0.9823718127269785	1.0993846592890863e-15
b2418	pdxK	0.0	False	0.9823718127269785	0.9823718127269803
b2103	thiD	0.9999999999999989	True	0.9823718127269785	1.0993846592890863e-15
b1059	solA	2.3733054241864654e-15	False	0.9823718127269785	0.9823718127269762
b3451	ugpE	6.215799920488362e-15	False	0.9823718127269785	0.9823718127269724
b3996	nudC	6.215799920488362e-15	False	0.9823718127269785	0.9823718127269724
b3824	rhtB	6.215799920488362e-15	False	0.9823718127269785	0.9823718127269724
b3450	ugpC	6.215799920488362e-15	False	0.9823718127269785	0.9823718127269724
b0813	rhtA	6.215799920488362e-15	False	0.9823718127269785	0.9823718127269724
b0352	mhpE	6.215799920488362e-15	False	0.9823718127269785	0.9823718127269724
b2411	ligA	6.215799920488362e-15	False	0.9823718127269785	0.9823718127269724
b3452	ugpA	6.215799920488362e-15	False	0.9823718127269785	0.9823718127269724
b1109	ndh	6.215799920488362e-15	False	0.9823718127269785	0.9823718127269724
b3453	ugpB	6.215799920488362e-15	False	0.9823718127269785	0.9823718127269724
b2288	nuoA	0.11072915513569376	False	0.9823718127269785	0.8735946118746002
b0142	folK	0.999999999996301	True	0.9823718127269785	3.633913299880955e-12
b3608	gpsA	1.0	True	0.9823718127269785	0.0
b0508	hyi	6.780872640532758e-16	False	0.9823718127269785	0.9823718127269778
b3426	glpD	0.0	False	0.9823718127269785	0.9823718127269803
b0003	thrB	1.0	True	0.9823718127269785	-1.0993846592890863e-15
b4013	metA	1.0	True	0.9823718127269785	0.0
b2278	nuoL	0.11072915513537065	False	0.9823718127269785	0.8735946118749176
b2277	nuoM	0.11072915513570065	False	0.9823718127269785	0.8735946118745934
b2241	glpA	3.390436320266379e-15	False	0.9823718127269785	0.9823718127269752
b2287	nuoB	0.11072915513570122	False	0.9823718127269785	0.8735946118745929
b2284	nuoF	0.11072915513570404	False	0.9823718127269785	0.8735946118745901
b2021	hisC	1.0	True	0.9823718127269785	-5.496923296445432e-16
b2243	glpC	0.0	False	0.9823718127269785	0.982371812726985
b2282	nuoH	0.1107291551289634	False	0.9823718127269785	0.8735946118812119
b2868	xdhC	1.3561745281065517e-15	False	0.9823718127269785	0.9823718127269772
b2286	nuoC	0.1107291551357011	False	0.9823718127269785	0.873594611874593
b2242	glpB	0.0	False	0.9823718127269785	0.9823718127269804
b2279	nuoK	0.11072915513569727	False	0.9823718127269785	0.8735946118745967
b2866	xdhA	9.154178064719224e-15	False	0.9823718127269785	0.9823718127269695
b0243	proA	0.000916019758760007	False	0.9823718127269785	0.9814719407360717
b2867	xdhB	0.0	False	0.9823718127269785	0.982371812726991
b2280	nuoJ	0.1107291551357159	False	0.9823718127269785	0.8735946118745784
b0678	nagB	0.0	False	0.9823718127269785	0.98237181272699
b0974	hyaC	2.0342617921598275e-15	False	0.9823718127269785	0.9823718127269765
b1852	zwf	0.0069833732664620835	False	0.9823718127269785	0.975511543672255
b2276	nuoN	0.11072915513569274	False	0.9823718127269785	0.8735946118746012
b3128	garD	0.0	False	0.9823718127269785	0.9823718127269809
b2283	nuoG	0.11072915513356965	False	0.9823718127269785	0.8735946118766869
b2285	nuoE	0.11072915513570043	False	0.9823718127269785	0.8735946118745936
b2995	hybB	6.1027853764794826e-15	False	0.9823718127269785	0.9823718127269725
b2996	hybA	4.8596253923818106e-15	False	0.9823718127269785	0.9823718127269737
b2281	nuoI	0.11072915513570213	False	0.9823718127269785	0.873594611874592
b4358	lgoD	0.0	False	0.9823718127269785	0.9823718127269845
b2615	nadK	1.0	True	0.9823718127269785	-5.656032134584257e-13
b0973	hyaB	9.215205918484019e-13	False	0.9823718127269785	0.9823718127260732
b2997	hybO	0.0	False	0.9823718127269785	0.9823718127269809
b2994	hybC	0.0	False	0.9823718127269785	0.9823718127269809
b0972	hyaA	0.0	False	0.9823718127269785	0.9823718127269809
b4478	dgoD	0.0	False	0.9823718127269785	0.9823718127269809
b2530	iscS	0.9999999999999996	True	0.9823718127269785	4.1144617569234994e-16
b2529	iscU	2.272909132353128e-06	False	0.9823718127269785	0.982369579885114
b4356	lgoT	7.119916272559396e-15	False	0.9823718127269785	0.9823718127269715
b3807	cyaY	1.0	True	0.9823718127269785	-1.1524789757739735e-15
b3028	mdaB	0.0	False	0.9823718127269785	0.9823718127269813
b3691	dgoT	0.0	False	0.9823718127269785	0.9823718127269809
b1740	nadE	1.0	True	0.9823718127269785	-2.8491066535184643e-12
b1603	pntA	4.068523584319655e-15	False	0.9823718127269785	0.9823718127269745
b2528	iscA	2.272909138342899e-06	False	0.9823718127269785	0.9823695798851081
b3127	garP	0.0	False	0.9823718127269785	0.9823718127269836
b1136	icd	0.9999999999999989	True	0.9823718127269785	1.1079778660275025e-15
b2789	gudP	0.0	False	0.9823718127269785	0.9823718127269909
b2265	menF	2.599334512204224e-15	False	0.9823718127269785	0.9823718127269759
b1602	pntB	2.599334512204224e-15	False	0.9823718127269785	0.9823718127269759
b2045	wcaK	2.599334512204224e-15	False	0.9823718127269785	0.9823718127269759
b3962	sthA	2.599334512204224e-15	False	0.9823718127269785	0.9823718127269759
b0931	pncB	2.599334512204224e-15	False	0.9823718127269785	0.9823718127269759
b1186	nhaB	2.599334512204224e-15	False	0.9823718127269785	0.9823718127269759
b0593	entC	2.599334512204224e-15	False	0.9823718127269785	0.9823718127269759
b0595	entB	2.599334512204224e-15	False	0.9823718127269785	0.9823718127269759
b4015	aceA	2.599334512204224e-15	False	0.9823718127269785	0.9823718127269759
b0019	nhaA	2.599334512204224e-15	False	0.9823718127269785	0.9823718127269759
b0757	galK	2.599334512204224e-15	False	0.9823718127269785	0.9823718127269759
b2518	ndk	2.599334512204224e-15	False	0.9823718127269785	0.9823718127269759
b0451	amtB	2.599334512204224e-15	False	0.9823718127269785	0.9823718127269759
b4267	idnD	2.599334512204224e-15	False	0.9823718127269785	0.9823718127269759
b2025	hisF	0.9999999999999993	True	0.9823718127269785	6.529284554588476e-16
b2023	hisH	1.0	True	0.9823718127269785	0.0
b0756	galM	0.0	False	0.9823718127269785	0.9823718127269855
b1262	trpC	1.0	True	0.9823718127269785	-6.529284554588476e-16
b2710	norV	3.616465408284138e-15	False	0.9823718127269785	0.9823718127269749
b4119	melA	2.599334512204224e-15	False	0.9823718127269785	0.9823718127269759
b2711	norW	2.599334512204224e-15	False	0.9823718127269785	0.9823718127269759
b3770	ilvE	1.0	True	0.9823718127269785	-6.529284554588476e-16
b0026	ileS	0.0	False	0.9823718127269785	0.9823718127269881
b3628	waaB	2.599334512204224e-15	False	0.9823718127269785	0.9823718127269759
b3476	nikA	2.599334512204224e-15	False	0.9823718127269785	0.9823718127269759
b0401	brnQ	2.599334512204224e-15	False	0.9823718127269785	0.9823718127269759
b2093	gatB	2.599334512204224e-15	False	0.9823718127269785	0.9823718127269759
b2508	guaB	0.0010098288189543216	False	0.9823718127269785	0.9813797853595584
b3477	nikB	0.0	False	0.9823718127269785	0.9823718127269814
b3478	nikC	2.599334512204224e-15	False	0.9823718127269785	0.9823718127269759
b3480	nikE	2.599334512204224e-15	False	0.9823718127269785	0.9823718127269759
b2094	gatA	2.599334512204224e-15	False	0.9823718127269785	0.9823718127269759
b3479	nikD	2.599334512204224e-15	False	0.9823718127269785	0.9823718127269759
b2092	gatC	2.599334512204224e-15	False	0.9823718127269785	0.9823718127269759
b4390	nadR	2.599334512204224e-15	False	0.9823718127269785	0.9823718127269759
b3265	acrE	2.599334512204224e-15	False	0.9823718127269785	0.9823718127269759
b3266	acrF	2.599334512204224e-15	False	0.9823718127269785	0.9823718127269759
b3093	exuT	2.599334512204224e-15	False	0.9823718127269785	0.9823718127269759
b0639	nadD	1.0	True	0.9823718127269785	-1.9010011980684343e-12
b0751	pnuC	0.0	False	0.9823718127269785	0.9823718127269845
b3161	mtr	0.0	False	0.9823718127269785	0.9823718127269813
b1236	galU	0.0	False	0.9823718127269785	0.9823718127269813
b1768	pncA	0.0	False	0.9823718127269785	0.9823718127269813
b4485	ytfR	0.0	False	0.9823718127269785	0.9823718127269813
b1991	cobT	0.0	False	0.9823718127269785	0.9823718127269813
b3679	yidK	0.0	False	0.9823718127269785	0.9823718127269813
b4231	yjfF	0.0	False	0.9823718127269785	0.9823718127269813
b0109	nadC	1.0	True	0.9823718127269785	-7.588732749519783e-13
b4230	ytfT	0.0	False	0.9823718127269785	0.9823718127269813
b2889	idi	2.599334512204224e-15	False	0.9823718127269785	0.9823718127269759
b2148	mglC	2.599334512204224e-15	False	0.9823718127269785	0.9823718127269759
b0073	leuB	1.0	True	0.9823718127269785	-3.264642277294238e-16
b1223	narK	0.0	False	0.9823718127269785	0.9823718127269842
b2150	mglB	2.599334512204224e-15	False	0.9823718127269785	0.9823718127269759
b3367	nirC	2.599334512204224e-15	False	0.9823718127269785	0.9823718127269759
b2149	mglA	2.599334512204224e-15	False	0.9823718127269785	0.9823718127269759
b0072	leuC	1.0	True	0.9823718127269785	-6.529284554588476e-16
b0071	leuD	1.0	True	0.9823718127269785	0.0
b4227	ytfQ	5.5377126564350864e-15	False	0.9823718127269785	0.982371812726973
b0074	leuA	1.0	True	0.9823718127269785	-6.529284554588476e-16
b2203	napB	0.0	False	0.9823718127269785	0.9823718127269846
b2943	galP	2.599334512204224e-15	False	0.9823718127269785	0.9823718127269759
b2202	napC	2.599334512204224e-15	False	0.9823718127269785	0.9823718127269759
b2205	napG	2.599334512204224e-15	False	0.9823718127269785	0.9823718127269759
b0918	kdsB	1.0	True	0.9823718127269785	-8.161649406620647e-17
b3198	kdsC	1.0	True	0.9823718127269785	0.0
b2206	napA	0.0	False	0.9823718127269785	0.98237181272699
b0160	dgt	7.345945360577155e-15	False	0.9823718127269785	0.9823718127269713
b2204	napH	7.345945360577155e-15	False	0.9823718127269785	0.9823718127269713
b1225	narH	7.345945360577155e-15	False	0.9823718127269785	0.9823718127269713
b1215	kdsA	0.9999999999999996	True	0.9823718127269785	4.645342353977226e-16
b4196	ulaD	0.0	False	0.9823718127269785	0.9823718127269963
b3581	sgbH	3.1644072322486206e-15	False	0.9823718127269785	0.9823718127269754
b0698	kdpA	3.1644072322486206e-15	False	0.9823718127269785	0.9823718127269754
b1466	narW	3.1644072322486206e-15	False	0.9823718127269785	0.9823718127269754
b1465	narV	3.1644072322486206e-15	False	0.9823718127269785	0.9823718127269754
b1467	narY	3.1644072322486206e-15	False	0.9823718127269785	0.9823718127269754
b0696	kdpC	3.1644072322486206e-15	False	0.9823718127269785	0.9823718127269754
b3366	nirD	3.1644072322486206e-15	False	0.9823718127269785	0.9823718127269754
b0697	kdpB	3.1644072322486206e-15	False	0.9823718127269785	0.9823718127269754
b4513	kdpF	3.1644072322486206e-15	False	0.9823718127269785	0.9823718127269754
b1468	narZ	3.1644072322486206e-15	False	0.9823718127269785	0.9823718127269754
b1226	narJ	3.1644072322486206e-15	False	0.9823718127269785	0.9823718127269754
b3365	nirB	3.1644072322486206e-15	False	0.9823718127269785	0.9823718127269754
b1224	narG	3.1644072322486206e-15	False	0.9823718127269785	0.9823718127269754
b4071	nrfB	3.1644072322486206e-15	False	0.9823718127269785	0.9823718127269754
b1227	narI	3.1644072322486206e-15	False	0.9823718127269785	0.9823718127269754
b1363	trkG	3.1644072322486206e-15	False	0.9823718127269785	0.9823718127269754
b4072	nrfC	3.1644072322486206e-15	False	0.9823718127269785	0.9823718127269754
b3849	trkH	3.1644072322486206e-15	False	0.9823718127269785	0.9823718127269754
b1469	narU	3.1644072322486206e-15	False	0.9823718127269785	0.9823718127269754
b3290	trkA	3.1644072322486206e-15	False	0.9823718127269785	0.9823718127269754
b4073	nrfD	3.1644072322486206e-15	False	0.9823718127269785	0.9823718127269754
b2552	hmp	3.1644072322486206e-15	False	0.9823718127269785	0.9823718127269754
b2744	umpG	3.1644072322486206e-15	False	0.9823718127269785	0.9823718127269754
b4070	nrfA	3.1644072322486206e-15	False	0.9823718127269785	0.9823718127269754
b1291	sapD	3.1644072322486206e-15	False	0.9823718127269785	0.9823718127269754
b2027	wzzB	3.1644072322486206e-15	False	0.9823718127269785	0.9823718127269754
b1250	kch	3.1644072322486206e-15	False	0.9823718127269785	0.9823718127269754
b4374	yjjG	3.1644072322486206e-15	False	0.9823718127269785	0.9823718127269754
b2035	wbbH	3.1644072322486206e-15	False	0.9823718127269785	0.9823718127269754
b2291	yfbR	3.1644072322486206e-15	False	0.9823718127269785	0.9823718127269754
b2033	wbbJ	3.1644072322486206e-15	False	0.9823718127269785	0.9823718127269754
b0480	ushA	3.1644072322486206e-15	False	0.9823718127269785	0.9823718127269754
b2037	wzxB	3.1644072322486206e-15	False	0.9823718127269785	0.9823718127269754
b2034	wbbI	3.1644072322486206e-15	False	0.9823718127269785	0.9823718127269754
b2032	wbbK	3.1644072322486206e-15	False	0.9823718127269785	0.9823718127269754
b4161	rsgA	3.1644072322486206e-15	False	0.9823718127269785	0.9823718127269754
b2751	cysN	1.0	True	0.9823718127269785	-8.467841297383493e-17
b0902	pflA	0.0	False	0.9823718127269785	0.9823718127269825
b2752	cysD	1.0	True	0.9823718127269785	-4.397538637156345e-15
b2705	srlD	2.8592679634246463e-14	False	0.9823718127269785	0.9823718127269504
b0650	hscC	2.147276336168707e-15	False	0.9823718127269785	0.9823718127269764
b4394	yjjX	2.147276336168707e-15	False	0.9823718127269785	0.9823718127269764
b0980	appA	2.147276336168707e-15	False	0.9823718127269785	0.9823718127269764
b2702	srlA	2.147276336168707e-15	False	0.9823718127269785	0.9823718127269764
b2781	mazG	2.147276336168707e-15	False	0.9823718127269785	0.9823718127269764
b2579	grcA	2.147276336168707e-15	False	0.9823718127269785	0.9823718127269764
b2704	srlB	2.147276336168707e-15	False	0.9823718127269785	0.9823718127269764
b2703	srlE	2.147276336168707e-15	False	0.9823718127269785	0.9823718127269764
b3114	tdcE	2.147276336168707e-15	False	0.9823718127269785	0.9823718127269764
b2472	dapE	1.0	True	0.9823718127269785	-1.0993846592890863e-15
b2954	rdgB	0.0	False	0.9823718127269785	0.9823718127269904
b0903	pflB	2.147276336168707e-15	False	0.9823718127269785	0.9823718127269764
b0273	argF	2.147276336168707e-15	False	0.9823718127269785	0.9823718127269764
b1759	nudG	2.147276336168707e-15	False	0.9823718127269785	0.9823718127269764
b3591	selA	2.147276336168707e-15	False	0.9823718127269785	0.9823718127269764
b1764	selD	2.147276336168707e-15	False	0.9823718127269785	0.9823718127269764
b2264	menD	2.147276336168707e-15	False	0.9823718127269785	0.9823718127269764
b0586	entF	2.147276336168707e-15	False	0.9823718127269785	0.9823718127269764
b3607	cysE	1.0	True	0.9823718127269785	-5.496923296445432e-15
b4254	argI	1.7065196145340775e-14	False	0.9823718127269785	0.9823718127269617
b3187	ispB	1.0	True	0.9823718127269785	-1.0993846592890863e-15
b2366	dsdA	0.0	False	0.9823718127269785	0.9823718127269838
b4471	tdcG	6.6678580965238795e-15	False	0.9823718127269785	0.9823718127269719
b0907	serC	0.9999999999999989	True	0.9823718127269785	1.0993846592890863e-15
b0662	ubiF	0.0	False	0.9823718127269785	0.9823718127269857
b2797	sdaB	4.9726399363906895e-15	False	0.9823718127269785	0.9823718127269736
b1281	pyrF	1.0	True	0.9823718127269785	0.0
b1814	sdaA	0.0	False	0.9823718127269785	0.9823718127269867
b2907	ubiH	4.9726399363906895e-15	False	0.9823718127269785	0.9823718127269736
b0893	serS	4.9726399363906895e-15	False	0.9823718127269785	0.9823718127269736
b0350	mhpD	4.9726399363906895e-15	False	0.9823718127269785	0.9823718127269736
b3116	tdcC	4.9726399363906895e-15	False	0.9823718127269785	0.9823718127269736
b3843	ubiD	0.9999999999999989	True	0.9823718127269785	1.0993846592890863e-15
b2796	sdaC	1.2883658017012242e-14	False	0.9823718127269785	0.9823718127269658
b2311	ubiX	1.0	True	0.9823718127269785	-1.0993846592890863e-15
b3835	ubiB	2.3123165446173175e-07	False	0.9823718127269785	0.9823715855715189
b3089	sstT	0.0	False	0.9823718127269785	0.9823718127269789
b2965	speC	1.469189072115431e-15	False	0.9823718127269785	0.982371812726977
b0355	frmB	1.469189072115431e-15	False	0.9823718127269785	0.982371812726977
b2154	yeiG	1.469189072115431e-15	False	0.9823718127269785	0.982371812726977
b0693	speF	1.469189072115431e-15	False	0.9823718127269785	0.982371812726977
b1744	astE	1.469189072115431e-15	False	0.9823718127269785	0.982371812726977
b1746	astD	1.469189072115431e-15	False	0.9823718127269785	0.982371812726977
b3642	pyrE	1.0	True	0.9823718127269785	-4.397538637156345e-15
b2263	menH	0.0	False	0.9823718127269785	0.9823718127269878
b2373	oxc	1.469189072115431e-15	False	0.9823718127269785	0.982371812726977
b1387	paaZ	1.469189072115431e-15	False	0.9823718127269785	0.982371812726977
b3368	cysG	0.9999999999999989	True	0.9823718127269785	1.0993846592890863e-15
b1394	paaG	0.0	False	0.9823718127269785	0.9823718127269832
b1014	putA	8.13704716863931e-15	False	0.9823718127269785	0.9823718127269705
b3281	aroE	8.13704716863931e-15	False	0.9823718127269785	0.9823718127269705
b3390	aroK	8.13704716863931e-15	False	0.9823718127269785	0.9823718127269705
b0388	aroL	8.13704716863931e-15	False	0.9823718127269785	0.9823718127269705
b3939	metB	0.9999999999999989	True	0.9823718127269785	1.0993846592890863e-15
b0386	proC	1.0	True	0.9823718127269785	0.0
b1388	paaA	0.0	False	0.9823718127269785	0.9823718127269868
b1981	shiA	8.13704716863931e-15	False	0.9823718127269785	0.9823718127269705
b1389	paaB	8.13704716863931e-15	False	0.9823718127269785	0.9823718127269705
b1206	dauA	0.0007839447802399915	False	0.9823718127269785	0.9816016874721363
b1392	paaE	6.328814464497241e-15	False	0.9823718127269785	0.9823718127269723
b1584	speG	8.13704716863931e-15	False	0.9823718127269785	0.9823718127269705
b1390	paaC	8.13704716863931e-15	False	0.9823718127269785	0.9823718127269705
b1600	mdtJ	8.13704716863931e-15	False	0.9823718127269785	0.9823718127269705
b1391	paaD	8.13704716863931e-15	False	0.9823718127269785	0.9823718127269705
b1599	mdtI	8.13704716863931e-15	False	0.9823718127269785	0.9823718127269705
b3908	sodA	8.13704716863931e-15	False	0.9823718127269785	0.9823718127269705
b1398	paaK	8.13704716863931e-15	False	0.9823718127269785	0.9823718127269705
b1656	sodB	8.13704716863931e-15	False	0.9823718127269785	0.9823718127269705
b1646	sodC	8.13704716863931e-15	False	0.9823718127269785	0.9823718127269705
b1525	sad	8.13704716863931e-15	False	0.9823718127269785	0.9823718127269705
b0133	panC	0.9999999999975727	True	0.9823718127269785	2.384565325998028e-12
b1278	pgpB	1.5822036161243103e-15	False	0.9823718127269785	0.9823718127269769
b2661	gabD	1.469189072115431e-15	False	0.9823718127269785	0.982371812726977
b2260	menE	1.469189072115431e-15	False	0.9823718127269785	0.982371812726977
b0087	mraY	0.9999999999999989	True	0.9823718127269785	1.0993846592890863e-15
b2261	menC	0.0	False	0.9823718127269785	0.9823718127269807
b2762	cysH	0.9999999999999855	True	0.9823718127269785	1.429200057075812e-14
b0722	sdhD	0.026141516664519988	False	0.9823718127269785	0.9566911236138215
b0723	sdhA	0.02614151666452157	False	0.9823718127269785	0.9566911236138199
b1489	dosP	1.5822036161243103e-15	False	0.9823718127269785	0.9823718127269769
b0724	sdhB	0.02614151666451897	False	0.9823718127269785	0.9566911236138225
b0721	sdhC	0.026141516664515356	False	0.9823718127269785	0.956691123613826
b0115	aceF	0.01741125504934616	False	0.9823718127269785	0.9652674865423005
b0729	sucD	0.002943944596644398	False	0.9823718127269785	0.9794797645370051
b0728	sucC	0.002943944596652761	False	0.9823718127269785	0.9794797645369969
b0114	aceE	0.017411255049355878	False	0.9823718127269785	0.965267486542291
b1521	uxaB	9.8322653287725e-15	False	0.9823718127269785	0.9823718127269688
b1638	pdxH	0.0	False	0.9823718127269785	0.9823718127269802
b2464	talA	0.0	False	0.9823718127269785	0.9823718127269802
b0052	pdxA	1.0	True	0.9823718127269785	-1.2425759274682698e-15
b0008	talB	7.911018080621552e-15	False	0.9823718127269785	0.9823718127269707
b3062	ttdB	0.0	False	0.9823718127269785	0.9823718127269802
b2564	pdxJ	1.0	True	0.9823718127269785	-1.2425759274682698e-15
b3061	ttdA	7.911018080621552e-15	False	0.9823718127269785	0.9823718127269707
b3063	ttdT	0.0	False	0.9823718127269785	0.9823718127269802
b0368	tauD	0.0	False	0.9823718127269785	0.9823718127269802
b0766	ybhA	0.0	False	0.9823718127269785	0.9823718127269802
b3790	wecD	0.0	False	0.9823718127269785	0.9823718127269802
b3791	wecE	0.0	False	0.9823718127269785	0.9823718127269802
b2320	pdxB	0.9999999999999988	True	0.9823718127269785	1.2425759274682698e-15
b2038	rfbC	0.0	False	0.9823718127269785	0.9823718127269874
b3546	eptB	0.0	False	0.9823718127269785	0.9823718127269802
b2040	rfbD	0.0	False	0.9823718127269785	0.9823718127269802
b2041	rfbB	0.0	False	0.9823718127269785	0.9823718127269802
b3916	pfkA	0.0	False	0.9823718127269785	0.9823718127269802
b3788	rffG	0.0	False	0.9823718127269785	0.9823718127269802
b1723	pfkB	0.0	False	0.9823718127269785	0.9823718127269802
b0915	lpxK	1.0	True	0.9823718127269785	-7.569672037360263e-16
b3951	pflD	0.0	False	0.9823718127269785	0.9823718127269875
b3137	kbaY	8.13704716863931e-15	False	0.9823718127269785	0.9823718127269705
b3132	kbaZ	8.13704716863931e-15	False	0.9823718127269785	0.9823718127269705
b2095	gatZ	8.13704716863931e-15	False	0.9823718127269785	0.9823718127269705
b3952	pflC	8.13704716863931e-15	False	0.9823718127269785	0.9823718127269705
b2096	gatY	8.13704716863931e-15	False	0.9823718127269785	0.9823718127269705
b3176	glmM	1.0	True	0.9823718127269785	-1.074893344343826e-15
b2913	serA	0.022095315411481815	False	0.9823718127269785	0.9606659976734268
b0166	dapD	0.9999999999999989	True	0.9823718127269785	1.0993846592890863e-15
b4025	pgi	0.006354504833483188	False	0.9823718127269785	0.9761293262947273
b2480	bcp	2.6558417842086638e-14	False	0.9823718127269785	0.9823718127269524
b0068	thiB	5.424698112426207e-15	False	0.9823718127269785	0.9823718127269732
b2926	pgk	0.12857792741314286	False	0.9823718127269785	0.8560604810974515
b0066	thiQ	1.785629795340293e-14	False	0.9823718127269785	0.982371812726961
b0767	pgl	0.0069833732664420795	False	0.9823718127269785	0.9755115436722747
b0067	thiP	7.911018080621552e-15	False	0.9823718127269785	0.9823718127269707
b3385	gph	0.0	False	0.9823718127269785	0.9823718127269983
b3616	tdh	0.0	False	0.9823718127269785	0.9823718127269983
b3772	ilvA	0.0	False	0.9823718127269785	0.9823718127269983
b4395	ytjC	0.0	False	0.9823718127269785	0.9823718127269983
b3117	tdcB	0.0	False	0.9823718127269785	0.9823718127269983
b0755	gpmA	0.0	False	0.9823718127269785	0.9823718127269983
b3612	gpmM	0.0	False	0.9823718127269785	0.9823718127269983
b1719	thrS	0.0	False	0.9823718127269785	0.9823718127269983
b3823	rhtC	0.0	False	0.9823718127269785	0.9823718127269983
b2690	yqaB	0.0	False	0.9823718127269785	0.9823718127269983
b3992	thiF	1.0	True	0.9823718127269785	0.0
b0688	pgm	0.0	False	0.9823718127269785	0.9823718127269834
b0418	pgpA	0.0	False	0.9823718127269785	0.9823718127269808
b3990	thiH	1.0	True	0.9823718127269785	0.0
b1912	pgsA	0.0	False	0.9823718127269785	0.9823718127269891
b0423	thiI	1.0	True	0.9823718127269785	0.0
b4407	thiS	1.0	True	0.9823718127269785	0.0
b2198	ccmD	0.0	False	0.9823718127269785	0.9823718127269891
b2200	ccmB	0.0	False	0.9823718127269785	0.9823718127269808
b2201	ccmA	0.0	False	0.9823718127269785	0.9823718127269808
b2935	tktA	0.0	False	0.9823718127269785	0.9823718127269808
b2199	ccmC	0.0	False	0.9823718127269785	0.9823718127269808
b2197	ccmE	0.0	False	0.9823718127269785	0.9823718127269808
b2465	tktB	0.0	False	0.9823718127269785	0.9823718127269808
b1713	pheT	0.0	False	0.9823718127269785	0.9823718127269808
b1714	pheS	0.0	False	0.9823718127269785	0.9823718127269808
b0576	pheP	0.0	False	0.9823718127269785	0.9823718127269808
b0996	torC	0.0	False	0.9823718127269785	0.9823718127269808
b0997	torA	0.0	False	0.9823718127269785	0.9823718127269808
b1473	yddG	0.0	False	0.9823718127269785	0.9823718127269808
b3493	pitA	0.0	False	0.9823718127269785	0.9823718127269808
b2827	thyA	1.0	True	0.9823718127269785	0.0
b1106	thiK	0.0	False	0.9823718127269785	0.9823718127269803
b2987	pitB	0.0	False	0.9823718127269785	0.9823718127269808
b0417	thiL	1.0	True	0.9823718127269785	0.0
b3993	thiE	1.0	True	0.9823718127269785	0.0
b3725	pstB	3.1644072322486206e-15	False	0.9823718127269785	0.9823718127269754
b3919	tpiA	0.035952062130404985	False	0.9823718127269785	0.9470535202806596
b3726	pstA	1.0962410768861293e-14	False	0.9823718127269785	0.9823718127269677
b0613	citG	0.0	False	0.9823718127269785	0.9823718127269794
b3727	pstC	0.0	False	0.9823718127269785	0.9823718127269794
b0888	trxB	0.0	False	0.9823718127269785	0.9823718127269794
b3728	pstS	0.0	False	0.9823718127269785	0.9823718127269863
b4239	treC	0.0	False	0.9823718127269785	0.9823718127269863
b3821	pldA	0.0	False	0.9823718127269785	0.9823718127269863
b2048	cpsG	0.0	False	0.9823718127269785	0.9823718127269863
b1897	otsB	0.0	False	0.9823718127269785	0.9823718127269863
b3412	bioH	1.0	True	0.9823718127269785	-1.2425759274682698e-15
b1896	otsA	3.616465408284138e-15	False	0.9823718127269785	0.9823718127269749
b3974	coaA	0.9999999999957764	True	0.9823718127269785	4.149077704157011e-12
b3519	treF	5.085654480399569e-15	False	0.9823718127269785	0.9823718127269735
b1197	treA	0.0	False	0.9823718127269785	0.9823718127269807
b4240	treB	0.0	False	0.9823718127269785	0.9823718127269807
b3258	panF	0.0	False	0.9823718127269785	0.9823718127269807
b1010	rutC	0.0	False	0.9823718127269785	0.9823718127269807
b1260	trpA	1.0	True	0.9823718127269785	-1.0993846592890863e-15
b1378	pfo	0.00011275680790407165	False	0.9823718127269785	0.9822610436172005
b1261	trpB	1.0	True	0.9823718127269785	0.0
b0871	poxB	2.599334512204224e-15	False	0.9823718127269785	0.9823718127269759
b3384	trpS	0.0	False	0.9823718127269785	0.9823718127269807
b3709	tnaB	0.0	False	0.9823718127269785	0.9823718127269807
b4226	ppa	0.0	False	0.9823718127269785	0.9823718127269807
b3125	garR	0.0	False	0.9823718127269785	0.9823718127269807
b0509	glxR	0.0	False	0.9823718127269785	0.9823718127269807
b2502	ppx	0.0	False	0.9823718127269785	0.9823718127269807
b3991	thiG	1.0	True	0.9823718127269785	0.0
b1015	putP	0.0	False	0.9823718127269785	0.9823718127269915
b1637	tyrS	5.5377126564350864e-15	False	0.9823718127269785	0.982371812726973
b0369	hemB	1.0	True	0.9823718127269785	0.0
b1907	tyrP	0.0	False	0.9823718127269785	0.9823718127269799
b3956	ppc	0.0030592106572746875	False	0.9823718127269785	0.9793665304080779
b0179	lpxD	1.0	True	0.9823718127269785	-2.0313690038523213e-15
b3639	dfp	1.0	True	0.9823718127269785	0.0
b3403	pck	4.294552672337414e-15	False	0.9823718127269785	0.9823718127269743
b0085	murE	1.0	True	0.9823718127269785	-1.2425759274682698e-15
b3787	wecC	0.0	False	0.9823718127269785	0.98237181272698
b2920	scpC	3.2774217762575e-15	False	0.9823718127269785	0.9823718127269753
b3786	wecB	3.2774217762575e-15	False	0.9823718127269785	0.9823718127269753
b0181	lpxA	0.9999999999999997	True	0.9823718127269785	3.2962359410862165e-16
b2501	ppk	0.014323525483779553	False	0.9823718127269785	0.9683007850328369
b3189	murA	0.9999999999999976	True	0.9823718127269785	2.4851518549365387e-15
b4383	deoB	7.911018080621551e-16	False	0.9823718127269785	0.9823718127269777
b3380	yhfW	3.1644072322486206e-15	False	0.9823718127269785	0.9823718127269754
b0090	murG	1.0	True	0.9823718127269785	-1.2425759274682694e-15
b0088	murD	1.0	True	0.9823718127269785	0.0
b0091	murC	1.0	True	0.9823718127269785	0.0
b3972	murB	1.0	True	0.9823718127269785	0.0
b3850	hemG	1.0	True	0.9823718127269785	0.0
b3057	bacA	9.267192608728104e-15	False	0.9823718127269785	0.9823718127269694
b0841	ybjG	3.1644072322486206e-15	False	0.9823718127269785	0.9823718127269754
b2536	hcaT	3.1644072322486206e-15	False	0.9823718127269785	0.9823718127269754
b0174	ispU	0.9999999999999988	True	0.9823718127269785	1.2425759274682694e-15
b1702	ppsA	0.0	False	0.9823718127269785	0.9823718127269861
b0759	galE	3.1644072322486206e-15	False	0.9823718127269785	0.9823718127269754
b0383	phoA	3.1644072322486206e-15	False	0.9823718127269785	0.9823718127269754
b2036	glf	3.1644072322486206e-15	False	0.9823718127269785	0.9823718127269754
b4005	purD	1.0	True	0.9823718127269785	-1.2425759274682694e-14
b2028	ugd	0.0	False	0.9823718127269785	0.9823718127269827
b2255	arnA	3.1644072322486206e-15	False	0.9823718127269785	0.9823718127269754
b2499	purM	1.0	True	0.9823718127269785	-1.4910911129619234e-14
b2253	arnB	0.0	False	0.9823718127269785	0.9823718127272495
b2026	hisI	1.0	True	0.9823718127269785	0.0
b0758	galT	0.0	False	0.9823718127269785	0.9823718127269816
b2476	purC	1.0	True	0.9823718127269785	-2.360894262189712e-14
b2557	purL	1.0	True	0.9823718127269785	-6.914221901494909e-15
b0505	allA	0.0	False	0.9823718127269785	0.9823718127272507
b2024	hisA	1.0	True	0.9823718127269785	0.0
b0086	murF	1.0	True	0.9823718127269785	0.0
b0194	proS	0.0	False	0.9823718127269785	0.9823718127269898
b0096	lpxC	0.9999999999999984	True	0.9823718127269785	1.5310356022386034e-15
b2258	arnF	0.0	False	0.9823718127269785	0.9823718127269855
b4544	arnE	6.893887184541638e-15	False	0.9823718127269785	0.9823718127269717
b1207	prs	6.893887184541638e-15	False	0.9823718127269785	0.9823718127269717
b0908	aroA	1.0	True	0.9823718127269785	-1.2425759274682694e-14
b4233	mpl	0.0	False	0.9823718127269785	0.9823718127269836
b4160	psd	1.0	True	0.9823718127269785	-1.0993846592890863e-15
b0171	pyrH	0.0	False	0.9823718127269785	0.9823718127269843
b2256	arnD	0.0	False	0.9823718127269785	0.9823718127269812
b4388	serB	0.02209531541148283	False	0.9823718127269785	0.9606659976734258
b2254	arnC	7.458959904586035e-15	False	0.9823718127269785	0.9823718127269712
b2585	pssA	0.9999999999999961	True	0.9823718127269785	3.727727782404809e-15
b3803	hemX	0.0	False	0.9823718127269785	0.9823718127269797
b3804	hemD	0.9999999999999998	True	0.9823718127269785	1.7385254030151804e-16
b2297	pta	0.0	False	0.9823718127269785	0.9823718127269797
b2458	eutD	0.0	False	0.9823718127269785	0.9823718127269792
b3997	hemE	0.9999999999999998	True	0.9823718127269785	1.7385254030151804e-16
b3634	coaD	1.0	True	0.9823718127269785	0.0
b2498	upp	0.0	False	0.9823718127269785	0.9823718127269799
b0692	potE	0.0	False	0.9823718127269785	0.9823718127269792
b1011	rutB	0.0	False	0.9823718127269785	0.9823718127269792
b3073	patA	0.0	False	0.9823718127269785	0.9823718127269792
b2497	uraA	0.0	False	0.9823718127269785	0.9823718127269792
b1006	rutG	0.0	False	0.9823718127269785	0.9823718127269792
b0517	allD	0.0	False	0.9823718127269785	0.9823718127269792
b1124	potC	0.0	False	0.9823718127269785	0.9823718127269792
b0524	lpxH	1.0	True	0.9823718127269785	-3.362157860150366e-16
b1123	potD	0.0	False	0.9823718127269785	0.9823718127269826
b4258	valS	2.8253636002219827e-15	False	0.9823718127269785	0.9823718127269757
b0857	potI	2.8253636002219827e-15	False	0.9823718127269785	0.9823718127269757
b2682	ygaZ	2.8253636002219827e-15	False	0.9823718127269785	0.9823718127269757
b1442	ydcU	2.8253636002219827e-15	False	0.9823718127269785	0.9823718127269757
b2683	ygaH	2.8253636002219827e-15	False	0.9823718127269785	0.9823718127269757
b1443	ydcV	2.8253636002219827e-15	False	0.9823718127269785	0.9823718127269757
b0856	potH	2.8253636002219827e-15	False	0.9823718127269785	0.9823718127269757
b3572	avtA	2.8253636002219827e-15	False	0.9823718127269785	0.9823718127269757
b1441	ydcT	1.469189072115431e-15	False	0.9823718127269785	0.982371812726977
b4197	ulaE	1.469189072115431e-15	False	0.9823718127269785	0.982371812726977
b0855	potG	1.469189072115431e-15	False	0.9823718127269785	0.982371812726977
b2882	xanQ	1.469189072115431e-15	False	0.9823718127269785	0.982371812726977
b1126	potA	1.469189072115431e-15	False	0.9823718127269785	0.982371812726977
b3565	xylA	1.469189072115431e-15	False	0.9823718127269785	0.982371812726977
b3579	yiaO	1.469189072115431e-15	False	0.9823718127269785	0.982371812726977
b0854	potF	1.469189072115431e-15	False	0.9823718127269785	0.982371812726977
b3578	yiaN	1.469189072115431e-15	False	0.9823718127269785	0.982371812726977
b1440	ydcS	1.469189072115431e-15	False	0.9823718127269785	0.982371812726977
b3577	yiaM	1.469189072115431e-15	False	0.9823718127269785	0.982371812726977
b1125	potB	1.469189072115431e-15	False	0.9823718127269785	0.982371812726977
b3567	xylG	1.469189072115431e-15	False	0.9823718127269785	0.982371812726977
b1296	puuP	1.469189072115431e-15	False	0.9823718127269785	0.982371812726977
b3566	xylF	1.469189072115431e-15	False	0.9823718127269785	0.982371812726977
b2407	xapA	1.469189072115431e-15	False	0.9823718127269785	0.982371812726977
b3568	xylH	1.469189072115431e-15	False	0.9823718127269785	0.982371812726977
b4031	xylE	1.469189072115431e-15	False	0.9823718127269785	0.982371812726977
b1636	pdxY	1.469189072115431e-15	False	0.9823718127269785	0.982371812726977
b3826	yigL	1.469189072115431e-15	False	0.9823718127269785	0.982371812726977
b1858	znuC	1.469189072115431e-15	False	0.9823718127269785	0.982371812726977
b1676	pykF	1.469189072115431e-15	False	0.9823718127269785	0.982371812726977
b1859	znuB	1.469189072115431e-15	False	0.9823718127269785	0.982371812726977
b1857	znuA	1.469189072115431e-15	False	0.9823718127269785	0.982371812726977
b1854	pykA	1.469189072115431e-15	False	0.9823718127269785	0.982371812726977
b3831	udp	1.469189072115431e-15	False	0.9823718127269785	0.982371812726977
b1012	rutA	1.469189072115431e-15	False	0.9823718127269785	0.982371812726977
b1007	rutF	1.469189072115431e-15	False	0.9823718127269785	0.982371812726977
b3029	ygiN	1.469189072115431e-15	False	0.9823718127269785	0.982371812726977
b1692	ydiB	1.469189072115431e-15	False	0.9823718127269785	0.982371812726977
b0750	nadA	0.9999999999983906	True	0.9823718127269785	1.580915140057706e-12
b4094	phnN	0.0	False	0.9823718127269785	0.9823718127269938
b1662	ribC	1.0	True	0.9823718127269785	0.0
b0415	ribE	1.0	True	0.9823718127269785	0.0
b3752	rbsK	0.0	False	0.9823718127269785	0.9823718127269842
b0063	araB	3.0513926882397413e-15	False	0.9823718127269785	0.9823718127269755
b0061	araD	3.0513926882397413e-15	False	0.9823718127269785	0.9823718127269755
b4198	ulaF	3.0513926882397413e-15	False	0.9823718127269785	0.9823718127269755
b3583	sgbE	3.0513926882397413e-15	False	0.9823718127269785	0.9823718127269755
b3629	waaS	3.0513926882397413e-15	False	0.9823718127269785	0.9823718127269755
b2687	luxS	0.9999999999999989	True	0.9823718127269785	1.0993846592890863e-15
b3749	rbsA	0.0	False	0.9823718127269785	0.9823718127269803
b3750	rbsC	3.0513926882397413e-15	False	0.9823718127269785	0.9823718127269755
b3751	rbsB	3.0513926882397413e-15	False	0.9823718127269785	0.9823718127269755
b3748	rbsD	3.0513926882397413e-15	False	0.9823718127269785	0.9823718127269755
b3904	rhaB	3.0513926882397413e-15	False	0.9823718127269785	0.9823718127269755
b3902	rhaD	3.0513926882397413e-15	False	0.9823718127269785	0.9823718127269755
b2234	nrdA	3.0513926882397413e-15	False	0.9823718127269785	0.9823718127269755
b2235	nrdB	3.0513926882397413e-15	False	0.9823718127269785	0.9823718127269755
b2676	nrdF	3.0513926882397413e-15	False	0.9823718127269785	0.9823718127269755
b2675	nrdE	3.0513926882397413e-15	False	0.9823718127269785	0.9823718127269755
b4238	nrdD	0.00011028017411261572	False	0.9823718127269785	0.9822634765924276
b4237	nrdG	0.0	False	0.9823718127269785	0.9823718127269819
b3386	rpe	0.0	False	0.9823718127269785	0.9823718127269795
b4301	sgcE	0.0	False	0.9823718127269785	0.9823718127269795
b2914	rpiA	0.0	False	0.9823718127269785	0.9823718127269795
b0638	cobC	0.0	False	0.9823718127269785	0.9823718127269795
b1679	sufE	0.0	False	0.9823718127269785	0.9823718127269795
b1682	sufC	0.0	False	0.9823718127269785	0.9823718127269795
b1681	sufD	0.0	False	0.9823718127269785	0.9823718127269795
b1680	sufS	0.0	False	0.9823718127269785	0.9823718127269795
b1683	sufB	0.0	False	0.9823718127269785	0.9823718127269795
b1684	sufA	0.0	False	0.9823718127269785	0.9823718127269795
b0222	gmhA	0.0	False	0.9823718127269785	0.9823718127269795
b1745	astB	0.0	False	0.9823718127269785	0.9823718127269795
