gene_id	name	ko_flux	dependency_score	essential
b3607	cysE	0.0	1.0	essential
b3187	ispB	0.0	1.0	essential
b0907	serC	0.0	1.0	essential
b1281	pyrF	0.0	1.0	essential
b3843	ubiD	0.0	1.0	essential
b2311	ubiX	0.0	1.0	essential
b0778	bioD	0.0	1.0	essential
b3041	ribB	0.0	1.0	essential
b0175	cdsA	0.0	1.0	essential
b3809	dapF	0.0	1.0	essential
b3991	thiG	0.0	1.0	essential
b3642	pyrE	0.0	1.0	essential
b2838	lysA	0.0	1.0	essential
b2263	menH	0.0	1.0	essential
b3368	cysG	0.0	1.0	essential
b0121	speE	0.0	1.0	essential
b3774	ilvC	0.0	1.0	essential
b0103	coaE	0.0	1.0	essential
b0776	bioF	0.0	1.0	essential
b1264	trpE	0.0	1.0	essential
b3939	metB	0.0	1.0	essential
b1263	trpD	0.0	1.0	essential
b0414	ribD	0.0	1.0	essential
b3058	folB	0.0	1.0	essential
b0736	ybgC	0.0	1.0	essential
b2262	menB	0.0	1.0	essential
b3433	asd	0.0	1.0	essential
b3930	menA	0.0	1.0	essential
b1288	fabI	0.0	1.0	essential
b2315	folC	0.0	1.0	essential
b2478	dapA	0.0	1.0	essential
b0031	dapB	0.0	1.0	essential
b0420	dxs	0.0	1.0	essential
b0586	entF	0.0	1.0	essential
b2751	cysN	0.0	1.0	essential
b0594	entE	0.0	1.0	essential
b0596	entA	0.0	1.0	essential
b2752	cysD	0.0	1.0	essential
b3172	argG	0.0	1.0	essential
b3771	ilvD	0.0	1.0	essential
b3960	argH	0.0	1.0	essential
b3648	gmk	0.0	1.0	essential
b2472	dapE	0.0	1.0	essential
b1098	tmk	0.0	1.0	essential
b2264	menD	0.0	1.0	essential
b0173	dxr	0.0	1.0	essential
b0720	gltA	0.0	1.0	essential
b3992	thiF	0.0	1.0	essential
b3990	thiH	0.0	1.0	essential
b1912	pgsA	0.0	1.0	essential
b0423	thiI	0.0	1.0	essential
b4407	thiS	0.0	1.0	essential
b2818	argA	0.0	1.0	essential
b3959	argB	0.0	1.0	essential
b0781	moaA	0.0	1.0	essential
b2827	thyA	0.0	1.0	essential
b0386	proC	0.0	1.0	essential
b0417	thiL	0.0	1.0	essential
b0914	msbA	0.0	1.0	essential
b3993	thiE	0.0	1.0	essential
b3412	bioH	0.0	1.0	essential
b3974	coaA	0.0	1.0	essential
b1260	trpA	0.0	1.0	essential
b1261	trpB	0.0	1.0	essential
b3255	accB	0.0	1.0	essential
b3256	accC	0.0	1.0	essential
b2316	accD	0.0	1.0	essential
b0185	accA	0.0	1.0	essential
b0783	moaC	0.0	1.0	essential
b3994	thiC	0.0	1.0	essential
b3833	ubiE	0.0	1.0	essential
b0774	bioA	0.0	1.0	essential
b0133	panC	0.0	1.0	essential
b2260	menE	0.0	1.0	essential
b0087	mraY	0.0	1.0	essential
b2261	menC	0.0	1.0	essential
b2762	cysH	0.0	1.0	essential
b3199	lptC	0.0	1.0	essential
b3200	lptA	0.0	1.0	essential
b4262	lptG	0.0	1.0	essential
b2780	pyrG	0.0	1.0	essential
b3201	lptB	0.0	1.0	essential
b3957	argE	0.0	1.0	essential
b0052	pdxA	0.0	1.0	essential
b1091	fabH	0.0	1.0	essential
b2564	pdxJ	0.0	1.0	essential
b2320	pdxB	0.0	1.0	essential
b2038	rfbC	0.0	1.0	essential
b2040	rfbD	0.0	1.0	essential
b0915	lpxK	0.0	1.0	essential
b3176	glmM	0.0	1.0	essential
b0166	dapD	0.0	1.0	essential
b4261	lptF	0.0	1.0	essential
b2877	mocA	0.0	1.0	essential
b2020	hisD	0.0	1.0	essential
b2022	hisB	0.0	1.0	essential
b1092	fabD	0.0	1.0	essential
b0134	panB	0.0	1.0	essential
b0009	mog	0.0	1.0	essential
b1069	murJ	0.0	1.0	essential
b0154	hemL	0.0	1.0	essential
b0785	moaE	0.0	1.0	essential
b0826	moeB	0.0	1.0	essential
b1062	pyrC	0.0	1.0	essential
b3941	metF	0.0	1.0	essential
b2103	thiD	0.0	1.0	essential
b0142	folK	0.0	1.0	essential
b3608	gpsA	0.0	1.0	essential
b2400	gltX	0.0	1.0	essential
b0003	thrB	0.0	1.0	essential
b1210	hemA	0.0	1.0	essential
b4013	metA	0.0	1.0	essential
b3967	murI	0.0	1.0	essential
b2021	hisC	0.0	1.0	essential
b2312	purF	0.0	1.0	essential
b3805	hemC	0.0	1.0	essential
b1277	ribA	0.0	1.0	essential
b2153	folE	0.0	1.0	essential
b2947	gshB	0.0	1.0	essential
b2942	metK	0.0	1.0	essential
b2747	ispD	0.0	1.0	essential
b2746	ispF	0.0	1.0	essential
b2515	ispG	0.0	1.0	essential
b0025	ribF	0.0	1.0	essential
b4040	ubiA	0.0	1.0	essential
b0784	moaD	0.0	1.0	essential
b3052	hldE	0.0	1.0	essential
b3624	waaZ	0.0	1.0	essential
b0428	cyoE	0.0	1.0	essential
b3630	waaP	0.0	1.0	essential
b3625	waaY	0.0	1.0	essential
b3621	waaC	0.0	1.0	essential
b3620	waaF	0.0	1.0	essential
b2507	guaA	0.0	1.0	essential
b3632	waaQ	0.0	1.0	essential
b3623	waaU	0.0	1.0	essential
b3730	glmU	0.0	1.0	essential
b0200	gmhB	0.0	1.0	essential
b3633	waaA	0.0	1.0	essential
b0109	nadC	0.0	1.0	essential
b0073	leuB	0.0	1.0	essential
b0072	leuC	0.0	1.0	essential
b0071	leuD	0.0	1.0	essential
b0928	aspC	0.0	1.0	essential
b1415	aldA	0.0	1.0	essential
b0074	leuA	0.0	1.0	essential
b2574	nadB	0.0	1.0	essential
b0918	kdsB	0.0	1.0	essential
b3198	kdsC	0.0	1.0	essential
b0182	lpxB	0.0	1.0	essential
b4245	pyrB	0.0	1.0	essential
b1215	kdsA	0.0	1.0	essential
b2232	ubiG	0.0	1.0	essential
b0029	ispH	0.0	1.0	essential
b0421	ispA	0.0	1.0	essential
b1693	aroD	0.0	1.0	essential
b0131	panD	0.0	1.0	essential
b3389	aroB	0.0	1.0	essential
b1855	lpxM	0.0	1.0	essential
b1054	lpxL	0.0	1.0	essential
b3177	folP	0.0	1.0	essential
b0583	entD	0.0	1.0	essential
b0628	lipA	0.0	1.0	essential
b2688	gshA	0.0	1.0	essential
b2615	nadK	0.0	1.0	essential
b2530	iscS	0.0	1.0	essential
b3807	cyaY	0.0	1.0	essential
b1740	nadE	0.0	1.0	essential
b0475	hemH	0.0	1.0	essential
b1136	icd	0.0	1.0	essential
b3430	glgC	0.0	1.0	essential
b0595	entB	0.0	1.0	essential
b3626	waaR	0.0	1.0	essential
b3729	glmS	0.0	1.0	essential
b3631	waaG	0.0	1.0	essential
b3429	glgA	0.0	1.0	essential
b2025	hisF	0.0	1.0	essential
b2023	hisH	0.0	1.0	essential
b1262	trpC	0.0	1.0	essential
b3770	ilvE	0.0	1.0	essential
b3628	waaB	0.0	1.0	essential
b2764	cysJ	0.0	1.0	essential
b2763	cysI	0.0	1.0	essential
b0639	nadD	0.0	1.0	essential
b1236	galU	0.0	1.0	essential
b3627	waaO	0.0	1.0	essential
b3966	btuB	0.0	1.0	essential
b1252	tonB	0.0	1.0	essential
b0908	aroA	0.0	1.0	essential
b3006	exbB	0.0	1.0	essential
b3005	exbD	0.0	1.0	essential
b0096	lpxC	0.0	1.0	essential
b0086	murF	0.0	1.0	essential
b2024	hisA	0.0	1.0	essential
b2557	purL	0.0	1.0	essential
b2476	purC	0.0	1.0	essential
b3040	zupT	0.0	1.0	essential
b2026	hisI	0.0	1.0	essential
b2750	cysC	0.0	1.0	essential
b1131	purB	0.0	1.0	essential
b0181	lpxA	0.0	1.0	essential
b4005	purD	0.0	1.0	essential
b1208	ispE	0.0	1.0	essential
b4177	purA	0.0	1.0	essential
s0001		0.0	1.0	essential
b0174	ispU	0.0	1.0	essential
b3850	hemG	0.0	1.0	essential
b3972	murB	0.0	1.0	essential
b0091	murC	0.0	1.0	essential
b2599	pheA	0.0	1.0	essential
b2600	tyrA	0.0	1.0	essential
b2329	aroC	0.0	1.0	essential
b4039	ubiC	0.0	1.0	essential
b0088	murD	0.0	1.0	essential
b0090	murG	0.0	1.0	essential
b3189	murA	0.0	1.0	essential
b2499	purM	0.0	1.0	essential
b0750	nadA	0.0	1.0	essential
b2687	luxS	0.0	1.0	essential
b1662	ribC	0.0	1.0	essential
b0415	ribE	0.0	1.0	essential
b3629	waaS	0.0	1.0	essential
b3360	pabA	0.0	1.0	essential
b0180	fabZ	0.0	1.0	essential
b1812	pabB	0.0	1.0	essential
b0222	gmhA	0.0	1.0	essential
b1096	pabC	0.0	1.0	essential
b1093	fabG	0.0	1.0	essential
b2323	fabB	0.0	1.0	essential
b0120	speD	0.0	1.0	essential
b0827	moeA	0.0	1.0	essential
b2019	hisG	0.0	1.0	essential
b4160	psd	0.0	1.0	essential
b4214	cysQ	0.0	1.0	essential
b0775	bioB	0.0	1.0	essential
b0004	thrC	0.0	1.0	essential
b0524	lpxH	0.0	1.0	essential
b0159	mtn	0.0	1.0	essential
b3634	coaD	0.0	1.0	essential
b3997	hemE	0.0	1.0	essential
b3196	yrbG	0.0	1.0	essential
b1094	acpP	0.0	1.0	essential
b1270	btuR	0.0	1.0	essential
b3804	hemD	0.0	1.0	essential
b0158	btuF	0.0	1.0	essential
b2585	pssA	0.0	1.0	essential
b1709	btuD	0.0	1.0	essential
b1711	btuC	0.0	1.0	essential
b3857	mobA	0.0	1.0	essential
b0522	purK	0.0	1.0	essential
b0369	hemB	0.0	1.0	essential
b3639	dfp	0.0	1.0	essential
b0179	lpxD	0.0	1.0	essential
b4006	purH	0.0	1.0	essential
b3018	plsC	0.0	1.0	essential
b0523	purE	0.0	1.0	essential
b0085	murE	0.0	1.0	essential
b3958	argC	0.0	1.0	essential
b3359	argD	0.0	1.0	essential
b3619	hldD	0.0	1.0	essential
b0777	bioC	1.7415161808430243e-10	0.9999999998234678	essential
b3732	atpD	0.40262905152493356	0.5918670499221673	partial
b3731	atpC	0.40262905152493605	0.5918670499221649	partial
b3736	atpF	0.40262905152493783	0.5918670499221631	partial
b3735	atpH	0.40262905152493983	0.5918670499221611	partial
b3734	atpA	0.40262905152494083	0.59186704992216	partial
b3733	atpG	0.40262905152494083	0.59186704992216	partial
b3738	atpB	0.40262905152494083	0.59186704992216	partial
b3737	atpE	0.40262905152494083	0.59186704992216	partial
b2926	pgk	0.8619736783477151	0.12624322834859344	partial
b1779	gapA	0.8619736783477263	0.1262432283485821	partial
b2280	nuoJ	0.8770682414038717	0.11094232413685759	partial
b2281	nuoI	0.8770682414052366	0.11094232413547402	partial
b2288	nuoA	0.8770682414069267	0.11094232413376082	partial
b2282	nuoH	0.8770682414075887	0.11094232413308985	partial
b2283	nuoG	0.877068241407599	0.11094232413307939	partial
b2277	nuoM	0.8770682414076003	0.11094232413307804	partial
b2284	nuoF	0.8770682414076016	0.11094232413307668	partial
b2286	nuoC	0.8770682414076036	0.11094232413307467	partial
b2285	nuoE	0.8770682414076055	0.11094232413307276	partial
b2278	nuoL	0.8770682414076068	0.11094232413307151	partial
b2276	nuoN	0.8770682414076074	0.11094232413307084	partial
b2287	nuoB	0.8770682414076743	0.11094232413300309	partial
b2279	nuoK	0.8770682414103533	0.11094232413028739	partial
b0431	cyoB	0.8970142702816772	0.09072363505467575	partial
b0432	cyoA	0.8970142703120237	0.09072363502391441	partial
b0430	cyoC	0.8970142703120523	0.09072363502388549	partial
b0429	cyoD	0.8970142703120649	0.09072363502387266	partial
b2779	eno	0.9099049731508642	0.07765671757653586	partial
b3919	tpiA	0.9515669415689447	0.035425234249338015	partial
b1761	gdhA	0.9533929441483309	0.033574270398736575	partial
b0116	lpd	0.9577816848263225	0.029125536078023	partial
b0723	sdhA	0.9596064106333639	0.02727586645311556	partial
b0722	sdhD	0.9596064106333644	0.027275866453115107	partial
b0724	sdhB	0.9596064106333665	0.02727586645311297	partial
b0721	sdhC	0.9596064106333749	0.027275866453104418	partial
b4388	serB	0.965626276108497	0.021173710023686565	partial
b2913	serA	0.9656262761085177	0.021173710023665634	partial
b0114	aceE	0.9695947727967202	0.017150964385724728	partial
b0115	aceF	0.9695947727967372	0.01715096438570751	partial
b3236	mdh	0.9701331791757917	0.016605198045717987	partial
b2501	ppk	0.9719955199501461	0.014717399260685608	partial
b2551	glyA	0.9727724812394634	0.013929816988854208	partial
b0529	folD	0.9751606621193422	0.011508989917054973	partial
b2416	ptsI	0.97610158599716	0.01055520370466415	partial
b2415	ptsH	0.9761015859971609	0.01055520370466325	partial
b0452	tesB	0.9768476965529943	0.00979889389273295	nonessential
b0221	fadE	0.9768476965529981	0.009798893892729123	nonessential
b2836	aas	0.9768477297909502	0.0097988602004175	nonessential
b2029	gnd	0.979904570776875	0.006700232506317703	nonessential
b0767	pgl	0.9799045708848765	0.006700232396839837	nonessential
b1852	zwf	0.9799045708848845	0.006700232396831734	nonessential
b4025	pgi	0.9802726814433469	0.006327089804137421	nonessential
b0727	sucB	0.9812124493450537	0.00537447536993458	nonessential
b0726	sucA	0.9812124493450608	0.005374475369927377	nonessential
b3846	fadB	0.9833375736781959	0.0032203008013521016	nonessential
b0728	sucC	0.9833961306692044	0.003160943342178501	nonessential
b0729	sucD	0.9833961306692198	0.0031609433421628578	nonessential
b3956	ppc	0.9835187428024368	0.003036655113443041	nonessential
b3844	fre	0.9844549722809168	0.0020876274723558245	nonessential
b0910	cmk	0.984499506780459	0.0020424841906935397	nonessential
b2500	purN	0.9850286295025595	0.0015061284143128325	nonessential
b4208	cycA	0.9853932636362248	0.0011365097687922477	nonessential
b2508	guaB	0.9855434009993715	0.0009843200430238203	nonessential
b3744	asnA	0.9855529315598817	0.0009746592007121251	nonessential
b0242	proB	0.9856326362428747	0.0008938649627361284	nonessential
b0243	proA	0.9856326362428807	0.0008938649627300512	nonessential
b1206	dauA	0.9857385138301069	0.0007865400395579487	nonessential
b3708	tnaA	0.9862308345981202	0.0002874892962674749	nonessential
b2903	gcvP	0.9863412578673229	0.0001755565521045329	nonessential
b2905	gcvT	0.9863412578673268	0.00017555655210048146	nonessential
b2904	gcvH	0.9863412578673268	0.00017555655210048146	nonessential
b1378	pfo	0.9864040716873484	0.0001118840734902625	nonessential
b4238	nrdD	0.9864108767285648	0.00010498600804641679	nonessential
b2436	hemF	0.986430154422668	8.54447898077872e-05	nonessential
b4468	glcE	0.9864942887330033	2.0433769914424504e-05	nonessential
b4467	glcF	0.9864942887330033	2.0433769914424504e-05	nonessential
b2979	glcD	0.9864942887330153	2.0433769902270188e-05	nonessential
b4209	ytfE	0.9865030015356037	1.1601864180653645e-05	nonessential
b3926	glpK	0.9865078582553845	6.678753529976609e-06	nonessential
b2528	iscA	0.9865122856368023	2.190850254420666e-06	nonessential
b2529	iscU	0.9865122856368099	2.1908502466554085e-06	nonessential
b3816	corA	0.9865131854992222	1.27868680592673e-06	nonessential
b3835	ubiB	0.9865142178776642	2.321958546109003e-07	nonessential
b2907	ubiH	0.9865142178776689	2.3219584988422175e-07	nonessential
b0662	ubiF	0.9865142178776737	2.321958450450032e-07	nonessential
b3478	nikC	0.986514446952964	0.0	nonessential
b3477	nikB	0.9865144469529652	0.0	nonessential
b2866	xdhA	0.9865144469529724	0.0	nonessential
b2093	gatB	0.9865144469529723	0.0	nonessential
b0401	brnQ	0.9865144469529723	0.0	nonessential
b3476	nikA	0.9865144469529753	0.0	nonessential
b0026	ileS	0.9865144469529821	0.0	nonessential
b0871	poxB	0.9865144469529717	0.0	nonessential
b2711	norW	0.9865144469529723	0.0	nonessential
b4119	melA	0.9865144469529723	0.0	nonessential
b2710	norV	0.9865144469529739	0.0	nonessential
b3384	trpS	0.9865144469529736	0.0	nonessential
b0678	nagB	0.986514446952977	0.0	nonessential
b1009	rutD	0.9865144469529659	0.0	nonessential
b2867	xdhB	0.986514446952976	0.0	nonessential
b1768	pncA	0.9865144469529796	0.0	nonessential
b2215	ompC	0.9865144469529712	0.0	nonessential
b3161	mtr	0.9865144469529723	0.0	nonessential
b0751	pnuC	0.9865144469529789	0.0	nonessential
b2241	glpA	0.9865144469529686	0.0	nonessential
b3093	exuT	0.986514446952964	0.0	nonessential
b3266	acrF	0.986514446952964	0.0	nonessential
b3265	acrE	0.986514446952964	0.0	nonessential
b2242	glpB	0.9865144469529866	0.0	nonessential
b1015	putP	0.9865144469529751	0.0	nonessential
b2243	glpC	0.9865144469529801	0.0	nonessential
b4390	nadR	0.986514446952964	0.0	nonessential
b2092	gatC	0.986514446952964	0.0	nonessential
b2868	xdhC	0.986514446952983	0.0	nonessential
b3479	nikD	0.986514446952964	0.0	nonessential
b2094	gatA	0.986514446952964	0.0	nonessential
b3480	nikE	0.986514446952964	0.0	nonessential
b1533	eamA	0.9865144469529712	0.0	nonessential
b2045	wcaK	0.9865144469529723	0.0	nonessential
b2996	hybA	0.9865144469529766	0.0	nonessential
b1602	pntB	0.9865144469529723	0.0	nonessential
b2265	menF	0.9865144469529723	0.0	nonessential
b4358	lgoD	0.9865144469529779	0.0	nonessential
b2789	gudP	0.986514446952961	0.0	nonessential
b4226	ppa	0.9865144469529736	0.0	nonessential
b0973	hyaB	0.9865144469529629	0.0	nonessential
b0974	hyaC	0.986514446952974	0.0	nonessential
b2994	hybC	0.9865144469529723	0.0	nonessential
b0972	hyaA	0.9865144469529723	0.0	nonessential
b4478	dgoD	0.9865144469529723	0.0	nonessential
b3127	garP	0.986514446952974	0.0	nonessential
b1603	pntA	0.9865144469529595	0.0	nonessential
b4356	lgoT	0.986514446952974	0.0	nonessential
b3739	atpI	0.9865144469529716	0.0	nonessential
b3691	dgoT	0.9865144469529723	0.0	nonessential
b3028	mdaB	0.9865144469529646	0.0	nonessential
b2997	hybO	0.9865144469529723	0.0	nonessential
b0756	galM	0.9865144469529626	0.0	nonessential
b1134	nudJ	0.986514446952968	0.0	nonessential
b1637	tyrS	0.9865144469529754	0.0	nonessential
b4267	idnD	0.9865144469529723	0.0	nonessential
b0451	amtB	0.9865144469529723	0.0	nonessential
b2518	ndk	0.9865144469529723	0.0	nonessential
b0757	galK	0.9865144469529723	0.0	nonessential
b0019	nhaA	0.9865144469529723	0.0	nonessential
b3962	sthA	0.9865144469529723	0.0	nonessential
b4015	aceA	0.9865144469529751	0.0	nonessential
b3709	tnaB	0.9865144469529736	0.0	nonessential
b4067	actP	0.9865144469529856	0.0	nonessential
b0446	cof	0.9865144469529609	0.0	nonessential
b1623	add	0.9865144469529609	0.0	nonessential
b2995	hybB	0.9865144469529739	0.0	nonessential
b0593	entC	0.9865144469529723	0.0	nonessential
b1186	nhaB	0.9865144469529723	0.0	nonessential
b0931	pncB	0.9865144469529723	0.0	nonessential
b3128	garD	0.9865144469529724	0.0	nonessential
b2917	scpA	0.9865144469529699	0.0	nonessential
b1012	rutA	0.9865144469529725	0.0	nonessential
b3599	mtlA	0.9865144469529699	0.0	nonessential
b3831	udp	0.9865144469529725	0.0	nonessential
b1395	paaH	0.9865144469529699	0.0	nonessential
b2167	fruA	0.9865144469529699	0.0	nonessential
b1854	pykA	0.9865144469529725	0.0	nonessential
b4322	uxuA	0.9865144469529765	0.0	nonessential
b2169	fruB	0.986514446952973	0.0	nonessential
b1857	znuA	0.9865144469529725	0.0	nonessential
b0353	mhpT	0.9865144469529733	0.0	nonessential
b1232	purU	0.9865144469529903	0.0	nonessential
b0126	can	0.9865144469529903	0.0	nonessential
b0855	potG	0.9865144469529725	0.0	nonessential
b0261	mmuM	0.9865144469529903	0.0	nonessential
b1859	znuB	0.9865144469529725	0.0	nonessential
b1676	pykF	0.9865144469529725	0.0	nonessential
b2801	fucP	0.9865144469529818	0.0	nonessential
b3917	sbp	0.986514446952971	0.0	nonessential
b1858	znuC	0.9865144469529725	0.0	nonessential
b3826	yigL	0.9865144469529725	0.0	nonessential
b1611	fumC	0.9865144469529826	0.0	nonessential
b1636	pdxY	0.9865144469529725	0.0	nonessential
b4031	xylE	0.9865144469529725	0.0	nonessential
b0764	modB	0.9865144469529757	0.0	nonessential
b1612	fumA	0.986514446952971	0.0	nonessential
b2502	ppx	0.9865144469529736	0.0	nonessential
b0339	cynT	0.9865144469529903	0.0	nonessential
b1193	emtA	0.9865144469529699	0.0	nonessential
b2883	guaD	0.9865144469529699	0.0	nonessential
b4152	frdC	0.9865144469529699	0.0	nonessential
b0125	hpt	0.9865144469529699	0.0	nonessential
b4153	frdB	0.9865144469529699	0.0	nonessential
b4151	frdD	0.9865144469529699	0.0	nonessential
b0238	gpt	0.9865144469529699	0.0	nonessential
b4032	malG	0.9865144469529712	0.0	nonessential
b2558	mltF	0.9865144469529699	0.0	nonessential
b2168	fruK	0.9865144469529699	0.0	nonessential
b2813	mltA	0.9865144469529699	0.0	nonessential
b3092	uxaC	0.9865144469529699	0.0	nonessential
b3371	frlB	0.9865144469529699	0.0	nonessential
b1007	rutF	0.9865144469529725	0.0	nonessential
b4392	slt	0.9865144469529699	0.0	nonessential
b2701	mltB	0.9865144469529699	0.0	nonessential
b2963	mltC	0.9865144469529699	0.0	nonessential
b4474	frlC	0.9865144469529699	0.0	nonessential
b1692	ydiB	0.9865144469529725	0.0	nonessential
b0957	ompA	0.9865144469529699	0.0	nonessential
b3374	frlD	0.9865144469529699	0.0	nonessential
b2919	scpB	0.9865144469529699	0.0	nonessential
b3370	frlA	0.9865144469529699	0.0	nonessential
b1319	ompG	0.9865144469529699	0.0	nonessential
b4321	gntP	0.9865144469529699	0.0	nonessential
b0875	aqpZ	0.9865144469529699	0.0	nonessential
b3029	ygiN	0.9865144469529725	0.0	nonessential
b0260	mmuP	0.9865144469529699	0.0	nonessential
b3875	ompL	0.9865144469529699	0.0	nonessential
b0112	aroP	0.9865144469529679	0.0	nonessential
b3565	xylA	0.9865144469529725	0.0	nonessential
b1126	potA	0.9865144469529725	0.0	nonessential
b1008	rutE	0.9865144469529886	0.0	nonessential
b0349	mhpC	0.9865144469529767	0.0	nonessential
b4055	aphA	0.9865144469529767	0.0	nonessential
b2882	xanQ	0.9865144469529725	0.0	nonessential
b4041	plsB	0.9865144469529777	0.0	nonessential
b4485	ytfR	0.9865144469529723	0.0	nonessential
b2418	pdxK	0.9865144469529668	0.0	nonessential
b4197	ulaE	0.9865144469529725	0.0	nonessential
b1059	solA	0.9865144469529878	0.0	nonessential
b3451	ugpE	0.9865144469529712	0.0	nonessential
b0621	dcuC	0.9865144469529832	0.0	nonessential
b3824	rhtB	0.9865144469529712	0.0	nonessential
b3450	ugpC	0.9865144469529712	0.0	nonessential
b0813	rhtA	0.9865144469529712	0.0	nonessential
b0352	mhpE	0.9865144469529712	0.0	nonessential
b2411	ligA	0.9865144469529712	0.0	nonessential
b3452	ugpA	0.9865144469529712	0.0	nonessential
b1109	ndh	0.9865144469529712	0.0	nonessential
b3453	ugpB	0.9865144469529712	0.0	nonessential
b0118	acnB	0.9865144469529712	0.0	nonessential
b0347	mhpA	0.9865144469529727	0.0	nonessential
b0508	hyi	0.9865144469529854	0.0	nonessential
b3665	adeD	0.9865144469529727	0.0	nonessential
b3426	glpD	0.9865144469529529	0.0	nonessential
b0954	fabA	0.9865144469529735	0.0	nonessential
b3996	nudC	0.9865144469529712	0.0	nonessential
b0509	glxR	0.9865144469529736	0.0	nonessential
b3568	xylH	0.9865144469529725	0.0	nonessential
b2407	xapA	0.9865144469529725	0.0	nonessential
b2423	cysW	0.9865144469529764	0.0	nonessential
b0765	modC	0.986514446952971	0.0	nonessential
b3566	xylF	0.9865144469529725	0.0	nonessential
b2424	cysU	0.9865144469529746	0.0	nonessential
b2425	cysP	0.9865144469529679	0.0	nonessential
b2104	thiM	0.9865144469529679	0.0	nonessential
b1002	agp	0.9865144469529679	0.0	nonessential
b1296	puuP	0.9865144469529725	0.0	nonessential
b2388	glk	0.9865144469529679	0.0	nonessential
b3567	xylG	0.9865144469529725	0.0	nonessential
b2309	hisJ	0.9865144469529679	0.0	nonessential
b2422	cysA	0.9865144469529679	0.0	nonessential
b3789	rffH	0.9865144469529679	0.0	nonessential
b3125	garR	0.9865144469529736	0.0	nonessential
b0394	mak	0.9865144469529731	0.0	nonessential
b2039	rfbA	0.9865144469529679	0.0	nonessential
b1125	potB	0.9865144469529725	0.0	nonessential
b3577	yiaM	0.9865144469529725	0.0	nonessential
b1440	ydcS	0.9865144469529725	0.0	nonessential
b0655	gltI	0.9865144469529712	0.0	nonessential
b0854	potF	0.9865144469529725	0.0	nonessential
b2519	pbpC	0.9865144469529722	0.0	nonessential
b3579	yiaO	0.9865144469529725	0.0	nonessential
b2514	hisS	0.9865144469529651	0.0	nonessential
b2533	suhB	0.9865144469529679	0.0	nonessential
b0763	modA	0.9865144469529679	0.0	nonessential
b3390	aroK	0.9865144469529772	0.0	nonessential
b1106	thiK	0.9865144469529696	0.0	nonessential
b0388	aroL	0.9865144469529772	0.0	nonessential
b2253	arnB	0.9865144469529659	0.0	nonessential
b3493	pitA	0.9865144469529656	0.0	nonessential
b1388	paaA	0.9865144469529752	0.0	nonessential
b1981	shiA	0.9865144469529775	0.0	nonessential
b1389	paaB	0.9865144469529772	0.0	nonessential
b1392	paaE	0.9865144469529813	0.0	nonessential
b1584	speG	0.986514446952988	0.0	nonessential
b1390	paaC	0.986514446952988	0.0	nonessential
b1600	mdtJ	0.986514446952988	0.0	nonessential
b1391	paaD	0.986514446952988	0.0	nonessential
b2943	galP	0.9865144469529723	0.0	nonessential
b3908	sodA	0.986514446952988	0.0	nonessential
b1398	paaK	0.986514446952988	0.0	nonessential
b1656	sodB	0.986514446952988	0.0	nonessential
b1646	sodC	0.986514446952988	0.0	nonessential
b1525	sad	0.986514446952988	0.0	nonessential
b2255	arnA	0.9865144469529576	0.0	nonessential
b2028	ugd	0.9865144469529673	0.0	nonessential
b1473	yddG	0.9865144469529656	0.0	nonessential
b1278	pgpB	0.9865144469529697	0.0	nonessential
b2661	gabD	0.9865144469529772	0.0	nonessential
b2036	glf	0.9865144469529576	0.0	nonessential
b0383	phoA	0.9865144469529576	0.0	nonessential
b0759	galE	0.9865144469529576	0.0	nonessential
b1702	ppsA	0.9865144469529649	0.0	nonessential
b1599	mdtI	0.986514446952988	0.0	nonessential
b4233	mpl	0.9865144469529638	0.0	nonessential
b2797	sdaB	0.9865144469529703	0.0	nonessential
b0613	citG	0.9865144469529659	0.0	nonessential
b1814	sdaA	0.9865144469529795	0.0	nonessential
b0893	serS	0.9865144469529703	0.0	nonessential
b0350	mhpD	0.9865144469529772	0.0	nonessential
b3116	tdcC	0.9865144469529772	0.0	nonessential
b1207	prs	0.9865144469529668	0.0	nonessential
b2796	sdaC	0.9865144469529731	0.0	nonessential
b3726	pstA	0.9865144469529785	0.0	nonessential
b3089	sstT	0.9865144469529703	0.0	nonessential
b2965	speC	0.9865144469529772	0.0	nonessential
b0355	frmB	0.9865144469529772	0.0	nonessential
b2154	yeiG	0.9865144469529772	0.0	nonessential
b3281	aroE	0.9865144469529772	0.0	nonessential
b2258	arnF	0.9865144469529759	0.0	nonessential
b0693	speF	0.9865144469529772	0.0	nonessential
b3725	pstB	0.9865144469529781	0.0	nonessential
b1744	astE	0.9865144469529772	0.0	nonessential
b0194	proS	0.9865144469529747	0.0	nonessential
b1746	astD	0.9865144469529772	0.0	nonessential
b0505	allA	0.9865144469529664	0.0	nonessential
b2373	oxc	0.9865144469529767	0.0	nonessential
b1387	paaZ	0.9865144469529843	0.0	nonessential
b3403	pck	0.9865144469529725	0.0	nonessential
b1394	paaG	0.9865144469529666	0.0	nonessential
b2987	pitB	0.9865144469529656	0.0	nonessential
b0758	galT	0.9865144469529704	0.0	nonessential
b1014	putA	0.9865144469529795	0.0	nonessential
b4544	arnE	0.9865144469529668	0.0	nonessential
b3952	pflC	0.9865144469529689	0.0	nonessential
b2096	gatY	0.9865144469529689	0.0	nonessential
b2197	ccmE	0.9865144469529656	0.0	nonessential
b2199	ccmC	0.9865144469529656	0.0	nonessential
b2480	bcp	0.9865144469529716	0.0	nonessential
b3380	yhfW	0.9865144469529622	0.0	nonessential
b0068	thiB	0.986514446952971	0.0	nonessential
b0066	thiQ	0.9865144469529645	0.0	nonessential
b0067	thiP	0.9865144469529741	0.0	nonessential
b3385	gph	0.9865144469529656	0.0	nonessential
b3616	tdh	0.9865144469529656	0.0	nonessential
b3772	ilvA	0.9865144469529656	0.0	nonessential
b4395	ytjC	0.9865144469529656	0.0	nonessential
b1489	dosP	0.9865144469529694	0.0	nonessential
b0755	gpmA	0.9865144469529656	0.0	nonessential
b3612	gpmM	0.9865144469529656	0.0	nonessential
b1719	thrS	0.9865144469529656	0.0	nonessential
b4383	deoB	0.9865144469529759	0.0	nonessential
b3823	rhtC	0.9865144469529656	0.0	nonessential
b2690	yqaB	0.9865144469529656	0.0	nonessential
b2935	tktA	0.9865144469529656	0.0	nonessential
b0688	pgm	0.9865144469529821	0.0	nonessential
b0418	pgpA	0.9865144469529656	0.0	nonessential
b2201	ccmA	0.9865144469529656	0.0	nonessential
b3786	wecB	0.9865144469529722	0.0	nonessential
b2920	scpC	0.9865144469529722	0.0	nonessential
b2198	ccmD	0.9865144469529659	0.0	nonessential
b2200	ccmB	0.9865144469529656	0.0	nonessential
b3117	tdcB	0.9865144469529656	0.0	nonessential
b0997	torA	0.9865144469529656	0.0	nonessential
b2536	hcaT	0.9865144469529576	0.0	nonessential
b1521	uxaB	0.9865144469529745	0.0	nonessential
b0841	ybjG	0.9865144469529576	0.0	nonessential
b1638	pdxH	0.9865144469529741	0.0	nonessential
b3057	bacA	0.9865144469529741	0.0	nonessential
b2464	talA	0.9865144469529741	0.0	nonessential
b0996	torC	0.9865144469529656	0.0	nonessential
b0576	pheP	0.9865144469529656	0.0	nonessential
b0008	talB	0.986514446952977	0.0	nonessential
b3062	ttdB	0.9865144469529741	0.0	nonessential
b3061	ttdA	0.986514446952977	0.0	nonessential
b3063	ttdT	0.9865144469529741	0.0	nonessential
b0368	tauD	0.9865144469529741	0.0	nonessential
b2095	gatZ	0.9865144469529689	0.0	nonessential
b3790	wecD	0.9865144469529741	0.0	nonessential
b3791	wecE	0.9865144469529741	0.0	nonessential
b1714	pheS	0.9865144469529656	0.0	nonessential
b1713	pheT	0.9865144469529656	0.0	nonessential
b3546	eptB	0.9865144469529609	0.0	nonessential
b3787	wecC	0.9865144469529725	0.0	nonessential
b2041	rfbB	0.9865144469529673	0.0	nonessential
b3916	pfkA	0.9865144469529741	0.0	nonessential
b3788	rffG	0.9865144469529741	0.0	nonessential
b1723	pfkB	0.9865144469529741	0.0	nonessential
b2465	tktB	0.9865144469529656	0.0	nonessential
b3951	pflD	0.9865144469529743	0.0	nonessential
b3137	kbaY	0.9865144469529689	0.0	nonessential
b3132	kbaZ	0.9865144469529689	0.0	nonessential
b0766	ybhA	0.9865144469529741	0.0	nonessential
b3258	panF	0.9865144469529655	0.0	nonessential
b1442	ydcU	0.9865144469529773	0.0	nonessential
b2682	ygaZ	0.9865144469529773	0.0	nonessential
b0857	potI	0.9865144469529773	0.0	nonessential
b4258	valS	0.9865144469529773	0.0	nonessential
b1123	potD	0.9865144469529669	0.0	nonessential
b4196	ulaD	0.9865144469529875	0.0	nonessential
b3581	sgbH	0.9865144469529772	0.0	nonessential
b0698	kdpA	0.9865144469529772	0.0	nonessential
b4240	treB	0.9865144469529655	0.0	nonessential
b1124	potC	0.9865144469529681	0.0	nonessential
b1466	narW	0.9865144469529772	0.0	nonessential
b1465	narV	0.9865144469529772	0.0	nonessential
b4471	tdcG	0.9865144469529772	0.0	nonessential
b0517	allD	0.9865144469529681	0.0	nonessential
b0696	kdpC	0.9865144469529772	0.0	nonessential
b1006	rutG	0.9865144469529681	0.0	nonessential
b3366	nirD	0.9865144469529772	0.0	nonessential
b1197	treA	0.9865144469529655	0.0	nonessential
b0697	kdpB	0.9865144469529772	0.0	nonessential
b4513	kdpF	0.9865144469529772	0.0	nonessential
b1468	narZ	0.9865144469529772	0.0	nonessential
b1226	narJ	0.9865144469529772	0.0	nonessential
b3365	nirB	0.9865144469529772	0.0	nonessential
b1224	narG	0.9865144469529772	0.0	nonessential
b4071	nrfB	0.9865144469529772	0.0	nonessential
b2497	uraA	0.9865144469529681	0.0	nonessential
b1227	narI	0.9865144469529772	0.0	nonessential
b1467	narY	0.9865144469529772	0.0	nonessential
b3553	ghrB	0.9865144469529712	0.0	nonessential
b1991	cobT	0.9865144469529723	0.0	nonessential
b3679	yidK	0.9865144469529723	0.0	nonessential
b4231	yjfF	0.9865144469529723	0.0	nonessential
b2563	acpS	0.9865144469529594	0.0	nonessential
b4230	ytfT	0.9865144469529755	0.0	nonessential
b2889	idi	0.9865144469529723	0.0	nonessential
b2148	mglC	0.9865144469529723	0.0	nonessential
b1223	narK	0.9865144469529838	0.0	nonessential
b2150	mglB	0.9865144469529723	0.0	nonessential
b3367	nirC	0.9865144469529723	0.0	nonessential
b2149	mglA	0.9865144469529723	0.0	nonessential
b3475	acpT	0.9865144469529723	0.0	nonessential
b1010	rutC	0.9865144469529655	0.0	nonessential
b2683	ygaH	0.9865144469529773	0.0	nonessential
b4227	ytfQ	0.9865144469529753	0.0	nonessential
b1748	astC	0.9865144469529781	0.0	nonessential
b1539	ydfG	0.9865144469529781	0.0	nonessential
b1441	ydcT	0.9865144469529725	0.0	nonessential
b2203	napB	0.9865144469529735	0.0	nonessential
b2202	napC	0.9865144469529723	0.0	nonessential
b2205	napG	0.9865144469529723	0.0	nonessential
b3572	avtA	0.9865144469529773	0.0	nonessential
b0856	potH	0.9865144469529773	0.0	nonessential
b2206	napA	0.9865144469529586	0.0	nonessential
b0160	dgt	0.9865144469529772	0.0	nonessential
b2204	napH	0.9865144469529772	0.0	nonessential
b1225	narH	0.9865144469529772	0.0	nonessential
b1443	ydcV	0.9865144469529773	0.0	nonessential
b1090	plsX	0.9865144469529781	0.0	nonessential
b2048	cpsG	0.9865144469529705	0.0	nonessential
b3803	hemX	0.9865144469529626	0.0	nonessential
b0902	pflA	0.9865144469529693	0.0	nonessential
b2705	srlD	0.9865144469529693	0.0	nonessential
b0650	hscC	0.9865144469529772	0.0	nonessential
b4394	yjjX	0.9865144469529772	0.0	nonessential
b3821	pldA	0.9865144469529705	0.0	nonessential
b0980	appA	0.9865144469529772	0.0	nonessential
b2702	srlA	0.9865144469529772	0.0	nonessential
b4239	treC	0.9865144469529705	0.0	nonessential
b2254	arnC	0.9865144469529754	0.0	nonessential
b2781	mazG	0.9865144469529772	0.0	nonessential
b2579	grcA	0.9865144469529772	0.0	nonessential
b2704	srlB	0.9865144469529772	0.0	nonessential
b1363	trkG	0.9865144469529772	0.0	nonessential
b3114	tdcE	0.9865144469529772	0.0	nonessential
b2256	arnD	0.9865144469529573	0.0	nonessential
b2954	rdgB	0.9865144469529669	0.0	nonessential
b0903	pflB	0.9865144469529843	0.0	nonessential
b0273	argF	0.9865144469529843	0.0	nonessential
b1759	nudG	0.9865144469529843	0.0	nonessential
b3591	selA	0.9865144469529843	0.0	nonessential
b0171	pyrH	0.9865144469529687	0.0	nonessential
b1764	selD	0.9865144469529843	0.0	nonessential
b3728	pstS	0.9865144469529705	0.0	nonessential
b0888	trxB	0.9865144469529659	0.0	nonessential
b3727	pstC	0.9865144469529659	0.0	nonessential
b4254	argI	0.9865144469529703	0.0	nonessential
b2366	dsdA	0.9865144469529754	0.0	nonessential
b2703	srlE	0.9865144469529772	0.0	nonessential
b4072	nrfC	0.9865144469529772	0.0	nonessential
b3073	patA	0.9865144469529681	0.0	nonessential
b1011	rutB	0.9865144469529681	0.0	nonessential
b3849	trkH	0.9865144469529772	0.0	nonessential
b1469	narU	0.9865144469529772	0.0	nonessential
b3290	trkA	0.9865144469529772	0.0	nonessential
b4073	nrfD	0.9865144469529772	0.0	nonessential
b0692	potE	0.9865144469529681	0.0	nonessential
b2498	upp	0.9865144469529723	0.0	nonessential
b3519	treF	0.9865144469529736	0.0	nonessential
b1907	tyrP	0.9865144469529785	0.0	nonessential
b2552	hmp	0.9865144469529772	0.0	nonessential
b2744	umpG	0.9865144469529772	0.0	nonessential
b4070	nrfA	0.9865144469529772	0.0	nonessential
b2297	pta	0.9865144469529671	0.0	nonessential
b1896	otsA	0.9865144469529649	0.0	nonessential
b2027	wzzB	0.9865144469529772	0.0	nonessential
b1250	kch	0.9865144469529772	0.0	nonessential
b4374	yjjG	0.9865144469529772	0.0	nonessential
b2035	wbbH	0.9865144469529772	0.0	nonessential
b2291	yfbR	0.9865144469529772	0.0	nonessential
b2033	wbbJ	0.9865144469529772	0.0	nonessential
b0480	ushA	0.9865144469529772	0.0	nonessential
b2458	eutD	0.9865144469529681	0.0	nonessential
b2037	wzxB	0.9865144469529772	0.0	nonessential
b2034	wbbI	0.9865144469529772	0.0	nonessential
b1897	otsB	0.9865144469529705	0.0	nonessential
b2032	wbbK	0.9865144469529772	0.0	nonessential
b4161	rsgA	0.9865144469529772	0.0	nonessential
b1291	sapD	0.9865144469529772	0.0	nonessential
b0337	codA	0.9865144469529682	0.0	nonessential
b0077	ilvI	0.9865144469529682	0.0	nonessential
b0007	yaaJ	0.9865144469535446	0.0	nonessential
b0078	ilvH	0.9865144469529555	0.0	nonessential
b0040	caiT	0.9865144469529555	0.0	nonessential
b4111	proP	0.9865144469529624	0.0	nonessential
b3671	ilvB	0.9865144469529555	0.0	nonessential
b3454	livF	0.9865144469529555	0.0	nonessential
b4094	phnN	0.9865144469529681	0.0	nonessential
b3456	livM	0.9865144469529555	0.0	nonessential
b3460	livJ	0.9865144469529555	0.0	nonessential
b2679	proX	0.9865144469529555	0.0	nonessential
b2678	proW	0.9865144469529555	0.0	nonessential
b3670	ilvN	0.9865144469529555	0.0	nonessential
b2677	proV	0.9865144469529555	0.0	nonessential
b0036	caiD	0.9865144469529555	0.0	nonessential
b3457	livH	0.9865144469529555	0.0	nonessential
b3455	livG	0.9865144469529555	0.0	nonessential
b0516	allC	0.9865144469529785	0.0	nonessential
b1818	manY	0.9865144469529785	0.0	nonessential
b0484	copA	0.9865144469529785	0.0	nonessential
b0123	cueO	0.9865144469529785	0.0	nonessential
b4090	rpiB	0.9865144469529785	0.0	nonessential
b1817	manX	0.9865144469529785	0.0	nonessential
b1819	manZ	0.9865144469529785	0.0	nonessential
b4084	alsK	0.9865144469529785	0.0	nonessential
b1849	purT	0.9865144469529682	0.0	nonessential
b3588	aldB	0.98651444695297	0.0	nonessential
b2428	murQ	0.98651444695297	0.0	nonessential
b1300	puuC	0.98651444695297	0.0	nonessential
b2296	ackA	0.98651444695297	0.0	nonessential
b1385	feaB	0.98651444695297	0.0	nonessential
b3115	tdcD	0.98651444695297	0.0	nonessential
b1478	adhP	0.98651444695297	0.0	nonessential
b0356	frmA	0.9865144469529619	0.0	nonessential
b0336	codB	0.9865144469529543	0.0	nonessential
b3794	wecG	0.9865144469529634	0.0	nonessential
b3544	dppA	0.986514446952967	0.0	nonessential
b1486	ddpB	0.986514446952967	0.0	nonessential
b1484	ddpD	0.9865144469529535	0.0	nonessential
b0462	acrB	0.986514446952967	0.0	nonessential
b2470	acrD	0.986514446952967	0.0	nonessential
b3784	wecA	0.986514446952967	0.0	nonessential
b0463	acrA	0.986514446952967	0.0	nonessential
b3543	dppB	0.986514446952967	0.0	nonessential
b2697	alaS	0.9865144469529555	0.0	nonessential
b3541	dppD	0.986514446952967	0.0	nonessential
b1487	ddpA	0.986514446952967	0.0	nonessential
b1119	nagK	0.986514446952967	0.0	nonessential
b3542	dppC	0.986514446952967	0.0	nonessential
b3035	tolC	0.986514446952967	0.0	nonessential
b4069	acs	0.9865144469529641	0.0	nonessential
b0155	clcA	0.9865144469529641	0.0	nonessential
b1592	clcB	0.9865144469529641	0.0	nonessential
b1485	ddpC	0.986514446952967	0.0	nonessential
b0037	caiC	0.9865144469529771	0.0	nonessential
b0038	caiB	0.9865144469529555	0.0	nonessential
b2379	alaC	0.9865144469529789	0.0	nonessential
b2290	alaA	0.9865144469529661	0.0	nonessential
b3867	hemN	0.9865144469529661	0.0	nonessential
b0679	nagE	0.986514446952959	0.0	nonessential
b2417	crr	0.9865144469529661	0.0	nonessential
b0870	ltaE	0.9865144469529673	0.0	nonessential
b1483	ddpF	0.986514446952967	0.0	nonessential
b1101	ptsG	0.9865144469529596	0.0	nonessential
b2765	queD	0.9865144469529596	0.0	nonessential
b1102	fhuE	0.986514446952985	0.0	nonessential
b2174	lpxT	0.986514446952967	0.0	nonessential
b4053	alr	0.986514446952967	0.0	nonessential
b1325	ycjG	0.986514446952967	0.0	nonessential
b0381	ddlA	0.986514446952967	0.0	nonessential
b0092	ddlB	0.9865144469529671	0.0	nonessential
b3540	dppF	0.986514446952967	0.0	nonessential
b1190	dadX	0.9865144469529725	0.0	nonessential
b1640	anmK	0.9865144469529767	0.0	nonessential
b2066	udk	0.9865144469529767	0.0	nonessential
b1865	nudB	0.9865144469529767	0.0	nonessential
b0651	rihA	0.9865144469529767	0.0	nonessential
b4260	pepA	0.9865144469529767	0.0	nonessential
b0099	mutT	0.9865144469529767	0.0	nonessential
b0237	pepD	0.9865144469529767	0.0	nonessential
b2162	rihB	0.9865144469529767	0.0	nonessential
b2429	murP	0.9865144469529785	0.0	nonessential
b2143	cdd	0.9865144469529767	0.0	nonessential
b0932	pepN	0.9865144469529767	0.0	nonessential
b1872	torZ	0.9865144469529767	0.0	nonessential
b2523	pepB	0.9865144469529735	0.0	nonessential
b0894	dmsA	0.9865144469529463	0.0	nonessential
b1982	amn	0.9865144469529691	0.0	nonessential
b0896	dmsC	0.986514446952967	0.0	nonessential
b3222	nanK	0.9865144469529697	0.0	nonessential
b1873	torY	0.9865144469529767	0.0	nonessential
b2893	dsbC	0.9865144469529463	0.0	nonessential
b3860	dsbA	0.9865144469529463	0.0	nonessential
b0151	fhuC	0.9865144469529463	0.0	nonessential
b0153	fhuB	0.9865144469529463	0.0	nonessential
b0152	fhuD	0.9865144469529835	0.0	nonessential
b1185	dsbB	0.9865144469529619	0.0	nonessential
b0062	araA	0.9865144469529752	0.0	nonessential
b4381	deoC	0.9865144469529463	0.0	nonessential
b3575	yiaK	0.986514446952976	0.0	nonessential
b0425	panE	0.9865144469529463	0.0	nonessential
b2871	ygeX	0.9865144469529463	0.0	nonessential
b4042	dgkA	0.9865144469529463	0.0	nonessential
b1189	dadA	0.9865144469529463	0.0	nonessential
b3059	plsY	0.9865144469529893	0.0	nonessential
b4129	lysU	0.9865144469529495	0.0	nonessential
b0049	apaH	0.9865144469529495	0.0	nonessential
b2975	glcA	0.9865144469529666	0.0	nonessential
b3603	lldP	0.9865144469529649	0.0	nonessential
b0968	yccX	0.9865144469529875	0.0	nonessential
b0657	lnt	0.9865144469529559	0.0	nonessential
b2421	cysM	0.9865144469529809	0.0	nonessential
b3225	nanA	0.9865144469529785	0.0	nonessential
b3008	metC	0.9865144469529785	0.0	nonessential
b1919	dcyD	0.9865144469529785	0.0	nonessential
b1677	lpp	0.9865144469529785	0.0	nonessential
b4086	alsC	0.9865144469529785	0.0	nonessential
b4087	alsA	0.9865144469529785	0.0	nonessential
b0733	cydA	0.9865144469529785	0.0	nonessential
b4088	alsB	0.9865144469529785	0.0	nonessential
b4085	alsE	0.9865144469529785	0.0	nonessential
b0511	ybbW	0.9865144469529785	0.0	nonessential
b0512	allB	0.9865144469529785	0.0	nonessential
b0341	cynX	0.9865144469529785	0.0	nonessential
b0340	cynS	0.9865144469529785	0.0	nonessential
b1308	pspE	0.9865144469529785	0.0	nonessential
b3224	nanT	0.9865144469529785	0.0	nonessential
b3425	glpE	0.9865144469529785	0.0	nonessential
b4311	nanC	0.9865144469529785	0.0	nonessential
b0734	cydB	0.9865144469529785	0.0	nonessential
b1587	ynfE	0.9865144469529785	0.0	nonessential
b0978	cbdA	0.9865144469529785	0.0	nonessential
b0979	cbdB	0.9865144469529785	0.0	nonessential
b3223	nanE	0.9865144469529785	0.0	nonessential
b3416	malQ	0.9865144469529785	0.0	nonessential
b1519	tam	0.986514446952953	0.0	nonessential
b3091	uxaA	0.98651444695295	0.0	nonessential
b3001	gpr	0.9865144469529559	0.0	nonessential
b3945	gldA	0.9865144469529656	0.0	nonessential
b0886	cydC	0.9865144469529656	0.0	nonessential
b0526	cysS	0.9865144469529656	0.0	nonessential
b3012	dkgA	0.9865144469529646	0.0	nonessential
b0207	dkgB	0.9865144469529699	0.0	nonessential
b1622	malY	0.9865144469529659	0.0	nonessential
b2810	csdA	0.9865144469529793	0.0	nonessential
b2414	cysK	0.9865144469529754	0.0	nonessential
b1781	yeaE	0.9865144469529699	0.0	nonessential
b0887	cydD	0.986514446952953	0.0	nonessential
b3856	mobB	0.9865144469529963	0.0	nonessential
b1397	paaJ	0.9865144469529639	0.0	nonessential
b0474	adk	0.986514446952965	0.0	nonessential
b1095	fabF	0.9865144469537346	0.0	nonessential
b3714	adeP	0.9865144469529727	0.0	nonessential
b3580	lyxK	0.9865144469529727	0.0	nonessential
b0312	betB	0.9865144469529727	0.0	nonessential
b0653	gltK	0.9865144469529712	0.0	nonessential
b1488	ddpX	0.9865144469529722	0.0	nonessential
b1683	sufB	0.9865144469529765	0.0	nonessential
b1680	sufS	0.9865144469529765	0.0	nonessential
b1681	sufD	0.9865144469529765	0.0	nonessential
b1682	sufC	0.9865144469529765	0.0	nonessential
b1679	sufE	0.9865144469529765	0.0	nonessential
b0638	cobC	0.9865144469529765	0.0	nonessential
b2914	rpiA	0.9865144469529765	0.0	nonessential
b4301	sgcE	0.9865144469529765	0.0	nonessential
b1684	sufA	0.9865144469529765	0.0	nonessential
b1243	oppA	0.9865144469529661	0.0	nonessential
b1216	chaA	0.9865144469529661	0.0	nonessential
b1192	ldcA	0.9865144469529661	0.0	nonessential
b0936	ssuA	0.9865144469529661	0.0	nonessential
b0365	tauA	0.9865144469529661	0.0	nonessential
b0934	ssuC	0.9865144469529833	0.0	nonessential
b0367	tauC	0.9865144469529661	0.0	nonessential
b0366	tauB	0.9865144469529661	0.0	nonessential
b3806	cyaA	0.9865144469529671	0.0	nonessential
b1244	oppB	0.9865144469529661	0.0	nonessential
b1247	oppF	0.9865144469529661	0.0	nonessential
b2393	nupC	0.9865144469529661	0.0	nonessential
b0933	ssuB	0.9865144469529661	0.0	nonessential
b1329	mppA	0.9865144469529809	0.0	nonessential
b1246	oppD	0.9865144469529661	0.0	nonessential
b3551	bisC	0.9865144469529661	0.0	nonessential
b0030	rihC	0.9865144469529661	0.0	nonessential
b1245	oppC	0.9865144469529661	0.0	nonessential
b1386	tynA	0.9865144469529661	0.0	nonessential
b1377	ompN	0.9865144469529712	0.0	nonessential
b1745	astB	0.986514446952953	0.0	nonessential
b2578	eamB	0.9865144469529712	0.0	nonessential
b3654	xanP	0.9865144469529727	0.0	nonessential
b3578	yiaN	0.9865144469529725	0.0	nonessential
b1747	astA	0.9865144469529781	0.0	nonessential
b1064	grxB	0.9865144469529781	0.0	nonessential
b3503	arsC	0.9865144469529781	0.0	nonessential
b3386	rpe	0.9865144469529765	0.0	nonessential
b4138	dcuA	0.9865144469529781	0.0	nonessential
b2835	lplT	0.9865144469529781	0.0	nonessential
b4123	dcuB	0.9865144469529781	0.0	nonessential
b4213	cpdB	0.9865144469529781	0.0	nonessential
b4036	lamB	0.9865144469529781	0.0	nonessential
b4034	malE	0.9865144469529781	0.0	nonessential
b4035	malK	0.9865144469529781	0.0	nonessential
b4033	malF	0.9865144469529781	0.0	nonessential
b3528	dctA	0.986514446952961	0.0	nonessential
b4077	gltP	0.9865144469529781	0.0	nonessential
b4237	nrdG	0.9865144469529573	0.0	nonessential
b2675	nrdE	0.9865144469529766	0.0	nonessential
b2676	nrdF	0.9865144469529766	0.0	nonessential
b2235	nrdB	0.9865144469529766	0.0	nonessential
b2234	nrdA	0.9865144469529766	0.0	nonessential
b3902	rhaD	0.9865144469529766	0.0	nonessential
b3904	rhaB	0.9865144469529766	0.0	nonessential
b3748	rbsD	0.9865144469529766	0.0	nonessential
b0241	phoE	0.9865144469529712	0.0	nonessential
b3750	rbsC	0.9865144469529766	0.0	nonessential
b3749	rbsA	0.9865144469529713	0.0	nonessential
b1276	acnA	0.9865144469529712	0.0	nonessential
b3583	sgbE	0.9865144469529746	0.0	nonessential
b4198	ulaF	0.9865144469529746	0.0	nonessential
b0061	araD	0.9865144469529746	0.0	nonessential
b0063	araB	0.9865144469529746	0.0	nonessential
b3752	rbsK	0.9865144469529721	0.0	nonessential
b0929	ompF	0.9865144469529712	0.0	nonessential
b3751	rbsB	0.9865144469529766	0.0	nonessential
b4169	amiB	0.9865144469529727	0.0	nonessential
b0110	ampD	0.9865144469529727	0.0	nonessential
b2542	hcaD	0.9865144469529727	0.0	nonessential
b2540	hcaC	0.9865144469529727	0.0	nonessential
b2538	hcaE	0.9865144469529727	0.0	nonessential
b2539	hcaF	0.9865144469529686	0.0	nonessential
b0311	betA	0.9865144469529727	0.0	nonessential
b1801	yeaV	0.9865144469529727	0.0	nonessential
b4266	idnO	0.9865144469529661	0.0	nonessential
b2131	osmF	0.9865144469529727	0.0	nonessential
b2128	yehW	0.9865144469529727	0.0	nonessential
b2129	yehX	0.9865144469529727	0.0	nonessential
b2130	yehY	0.9865144469529418	0.0	nonessential
b1241	adhE	0.9865144469529663	0.0	nonessential
b1661	cfa	0.9865144469529663	0.0	nonessential
b0677	nagA	0.9865144469529663	0.0	nonessential
b0351	mhpF	0.9865144469529566	0.0	nonessential
b0314	betT	0.9865144469529727	0.0	nonessential
b2587	kgtP	0.9865144469529719	0.0	nonessential
b0789	clsB	0.9865144469529674	0.0	nonessential
b1249	clsA	0.9865144469529622	0.0	nonessential
b0612	citT	0.9865144469529622	0.0	nonessential
b0615	citF	0.9865144469529658	0.0	nonessential
b0617	citD	0.9865144469529649	0.0	nonessential
b1993	cobU	0.9865144469529628	0.0	nonessential
b0616	citE	0.986514446952967	0.0	nonessential
b2435	amiA	0.9865144469529727	0.0	nonessential
b0575	cusA	0.986514446952967	0.0	nonessential
b1463	nhoA	0.986514446952967	0.0	nonessential
b0573	cusF	0.986514446952967	0.0	nonessential
b0572	cusC	0.986514446952967	0.0	nonessential
b0574	cusB	0.9865144469529709	0.0	nonessential
b2937	speB	0.9865144469529817	0.0	nonessential
b0433	ampG	0.9865144469529727	0.0	nonessential
b1107	nagZ	0.9865144469529727	0.0	nonessential
b2817	amiC	0.9865144469529727	0.0	nonessential
b0614	citX	0.9865144469529696	0.0	nonessential
b0032	carA	0.9865144469529583	0.0	nonessential
b0521	ybcF	0.9865144469529583	0.0	nonessential
b2901	bglA	0.9865144469529583	0.0	nonessential
b0323	yahI	0.9865144469529848	0.0	nonessential
b3571	malS	0.9865144469529848	0.0	nonessential
b1992	cobS	0.9865144469529583	0.0	nonessential
b2874	yqeA	0.9865144469529583	0.0	nonessential
b1927	amyA	0.9865144469529703	0.0	nonessential
b2223	atoE	0.9865144469529663	0.0	nonessential
b0411	tsx	0.9865144469529661	0.0	nonessential
b2406	xapB	0.9865144469529661	0.0	nonessential
b3197	kdsD	0.9865144469529661	0.0	nonessential
b2964	nupG	0.9865144469529661	0.0	nonessential
b1732	katE	0.9865144469529661	0.0	nonessential
b2708	srlQ	0.9865144469529661	0.0	nonessential
b3942	katG	0.986514446952974	0.0	nonessential
b4265	idnT	0.9865144469529661	0.0	nonessential
b4132	cadB	0.9865144469529661	0.0	nonessential
b4481	wecF	0.9865144469529619	0.0	nonessential
b2794	queF	0.9865144469529663	0.0	nonessential
b3845	fadA	0.9865144469529663	0.0	nonessential
b3918	cdh	0.9865144469529628	0.0	nonessential
b2342	fadI	0.9865144469529656	0.0	nonessential
b2224	atoB	0.9865144469529683	0.0	nonessential
b0469	apt	0.9865144469529583	0.0	nonessential
b2222	atoA	0.9865144469529583	0.0	nonessential
b3034	nudF	0.9865144469529583	0.0	nonessential
b2662	gabT	0.9865144469529848	0.0	nonessential
b2221	atoD	0.9865144469529583	0.0	nonessential
b3915	fieF	0.9865144469529583	0.0	nonessential
b2663	gabP	0.9865144469529583	0.0	nonessential
b3469	zntA	0.9865144469529583	0.0	nonessential
b3397	nudE	0.9865144469529583	0.0	nonessential
b1444	patD	0.9865144469529693	0.0	nonessential
b0444	queC	0.9865144469529583	0.0	nonessential
b1302	puuE	0.9865144469529583	0.0	nonessential
b0033	carB	0.9865144469529693	0.0	nonessential
b0752	zitB	0.9865144469529583	0.0	nonessential
b3600	mtlD	0.9865144469529682	0.0	nonessential
b3617	kbl	0.9865144469529682	0.0	nonessential
b0805	fiu	0.9865144469529682	0.0	nonessential
b3927	glpF	0.9865144469529682	0.0	nonessential
b0507	gcl	0.9865144469529682	0.0	nonessential
b3653	gltS	0.9865144469529682	0.0	nonessential
b3907	rhaT	0.9865144469529682	0.0	nonessential
b2155	cirA	0.9865144469529682	0.0	nonessential
b3722	bglF	0.9865144469529463	0.0	nonessential
b0592	fepB	0.9865144469529734	0.0	nonessential
b0590	fepD	0.9865144469529703	0.0	nonessential
b2156	lysP	0.9865144469529754	0.0	nonessential
b0588	fepC	0.9865144469529682	0.0	nonessential
b3212	gltB	0.9865144469529682	0.0	nonessential
b2890	lysS	0.9865144469529682	0.0	nonessential
b3213	gltD	0.9865144469529682	0.0	nonessential
b0589	fepG	0.9865144469529682	0.0	nonessential
b3903	rhaA	0.9865144469529682	0.0	nonessential
b0732	mngB	0.9865144469529601	0.0	nonessential
b2485	hyfE	0.9865144469529601	0.0	nonessential
b0731	mngA	0.9865144469529638	0.0	nonessential
b2481	hyfA	0.9865144469529638	0.0	nonessential
b4323	uxuB	0.9865144469529723	0.0	nonessential
b1613	manA	0.9865144469529723	0.0	nonessential
b1033	ghrA	0.9865144469529723	0.0	nonessential
b2490	hyfJ	0.9865144469529594	0.0	nonessential
b1800	dmlA	0.9865144469529646	0.0	nonessential
b4367	fhuF	0.9865144469529723	0.0	nonessential
b4014	aceB	0.9865144469529723	0.0	nonessential
b0591	entS	0.9865144469529723	0.0	nonessential
b3124	garK	0.9865144469529723	0.0	nonessential
b0584	fepA	0.9865144469529723	0.0	nonessential
b0514	glxK	0.9865144469529723	0.0	nonessential
b2240	glpT	0.9865144469529723	0.0	nonessential
b2976	glcB	0.9865144469529723	0.0	nonessential
b0150	fhuA	0.9865144469529723	0.0	nonessential
b2049	cpsB	0.9865144469529723	0.0	nonessential
b3893	fdoH	0.9865144469529675	0.0	nonessential
b1476	fdnI	0.9865144469529675	0.0	nonessential
b1651	gloA	0.9865144469529675	0.0	nonessential
b2091	gatD	0.9865144469529675	0.0	nonessential
b3894	fdoG	0.9865144469529675	0.0	nonessential
b1474	fdnG	0.9865144469529675	0.0	nonessential
b0811	glnH	0.9865144469529675	0.0	nonessential
b3458	livK	0.9865144469529675	0.0	nonessential
b4291	fecA	0.9865144469529693	0.0	nonessential
b0642	leuS	0.9865144469529675	0.0	nonessential
b4054	tyrB	0.9865144469529675	0.0	nonessential
b0809	glnQ	0.9865144469529675	0.0	nonessential
b3892	fdoI	0.9865144469529675	0.0	nonessential
b0810	glnP	0.9865144469529675	0.0	nonessential
b2133	dld	0.9865144469529675	0.0	nonessential
b1380	ldhA	0.9865144469529826	0.0	nonessential
b0343	lacY	0.9865144469529722	0.0	nonessential
b1475	fdnH	0.9865144469529675	0.0	nonessential
b0186	ldcC	0.986514446952971	0.0	nonessential
b4290	fecB	0.986514446952971	0.0	nonessential
b4131	cadA	0.986514446952971	0.0	nonessential
b3825	pldB	0.9865144469529664	0.0	nonessential
b0485	glsA	0.986514446952971	0.0	nonessential
b4287	fecE	0.986514446952971	0.0	nonessential
b1524	glsB	0.9865144469529626	0.0	nonessential
b0494	tesA	0.9865144469529746	0.0	nonessential
b0935	ssuD	0.9865144469529715	0.0	nonessential
b3517	gadA	0.9865144469529673	0.0	nonessential
b4289	fecC	0.9865144469529673	0.0	nonessential
b1493	gadB	0.9865144469529863	0.0	nonessential
b2392	mntH	0.9865144469529673	0.0	nonessential
b0630	lipB	0.9865144469529832	0.0	nonessential
b1492	gadC	0.9865144469529722	0.0	nonessential
b4386	lplA	0.9865144469529675	0.0	nonessential
b3409	feoB	0.9865144469529675	0.0	nonessential
b0622	pagP	0.9865144469529675	0.0	nonessential
b4288	fecD	0.9865144469529638	0.0	nonessential
b0829	gsiA	0.9865144469529802	0.0	nonessential
b3447	ggt	0.9865144469529802	0.0	nonessential
b2912	fau	0.9865144469529802	0.0	nonessential
b1710	btuE	0.9865144469529802	0.0	nonessential
b3500	gor	0.986514446952968	0.0	nonessential
b4120	melB	0.9865144469529709	0.0	nonessential
b0937	ssuE	0.9865144469529686	0.0	nonessential
b2988	gss	0.9865144469529731	0.0	nonessential
b0334	prpD	0.9865144469529601	0.0	nonessential
b3610	grxC	0.9865144469529791	0.0	nonessential
b2463	maeB	0.9865144469529791	0.0	nonessential
b3288	fmt	0.9865144469529791	0.0	nonessential
b1479	maeA	0.9865144469529791	0.0	nonessential
b2210	mqo	0.9865144469529791	0.0	nonessential
b0849	grxA	0.9865144469529791	0.0	nonessential
b0684	fldA	0.9865144469529791	0.0	nonessential
b1654	grxD	0.9865144469529805	0.0	nonessential
b0477	gsk	0.9865144469529791	0.0	nonessential
b0403	malZ	0.9865144469529699	0.0	nonessential
b0963	mgsA	0.9865144469529699	0.0	nonessential
b4242	mgtA	0.9865144469529699	0.0	nonessential
b3779	gpp	0.9865144469529699	0.0	nonessential
b4154	frdA	0.9865144469529676	0.0	nonessential
b2114	metG	0.9865144469529802	0.0	nonessential
b0904	focA	0.9865144469529771	0.0	nonessential
b2492	focB	0.9865144469529854	0.0	nonessential
b0830	gsiB	0.9865144469529802	0.0	nonessential
b1778	msrB	0.9865144469529802	0.0	nonessential
b4219	msrA	0.9865144469529802	0.0	nonessential
b2374	frc	0.9865144469529802	0.0	nonessential
b3829	metE	0.9865144469529802	0.0	nonessential
b4019	metH	0.9865144469529802	0.0	nonessential
b0197	metQ	0.9865144469529802	0.0	nonessential
b0198	metI	0.9865144469529802	0.0	nonessential
b0199	metN	0.9865144469529771	0.0	nonessential
b0831	gsiC	0.9865144469529802	0.0	nonessential
b0832	gsiD	0.9865144469529802	0.0	nonessential
b2724	hycB	0.9865144469529495	0.0	nonessential
b0084	ftsI	0.9865144469529495	0.0	nonessential
b0104	guaC	0.9865144469529495	0.0	nonessential
b2487	hyfG	0.9865144469529837	0.0	nonessential
b2488	hyfH	0.9865144469529777	0.0	nonessential
b3396	mrcA	0.9865144469529495	0.0	nonessential
b2484	hyfD	0.9865144469529495	0.0	nonessential
b0635	mrdA	0.9865144469529495	0.0	nonessential
b2895	fldB	0.9865144469529717	0.0	nonessential
b2521	sseA	0.9865144469529495	0.0	nonessential
b2053	gmd	0.9865144469529495	0.0	nonessential
b2721	hycE	0.9865144469529495	0.0	nonessential
b3559	glyS	0.9865144469529717	0.0	nonessential
b0333	prpC	0.9865144469529601	0.0	nonessential
b0331	prpB	0.9865144469529601	0.0	nonessential
b3560	glyQ	0.9865144469529601	0.0	nonessential
b0212	gloB	0.9865144469529601	0.0	nonessential
b2720	hycF	0.9865144469529612	0.0	nonessential
b2723	hycC	0.9865144469529495	0.0	nonessential
b2328	mepA	0.9865144469529717	0.0	nonessential
b2239	glpQ	0.9865144469529717	0.0	nonessential
b3924	fpr	0.9865144469529717	0.0	nonessential
b3449	ugpQ	0.9865144469529717	0.0	nonessential
b2134	pbpG	0.9865144469529717	0.0	nonessential
b2719	hycG	0.9865144469529717	0.0	nonessential
b2010	dacD	0.9865144469529717	0.0	nonessential
b2482	hyfB	0.9865144469529717	0.0	nonessential
b2486	hyfF	0.9865144469529495	0.0	nonessential
b3437	gntK	0.9865144469529717	0.0	nonessential
b2483	hyfC	0.9865144469529717	0.0	nonessential
b3182	dacB	0.9865144469529717	0.0	nonessential
b4268	idnK	0.9865144469529717	0.0	nonessential
b2722	hycD	0.9865144469529636	0.0	nonessential
b0839	dacC	0.9865144469529495	0.0	nonessential
b0632	dacA	0.9865144469529495	0.0	nonessential
b0149	mrcB	0.9865144469529495	0.0	nonessential
b4079	fdhF	0.9865144469529495	0.0	nonessential
b2489	hyfI	0.9865144469529717	0.0	nonessential
b3622	waaL	0.9865144469529606	0.0	nonessential
b4192	ulaG	0.9865144469529682	0.0	nonessential
b2927	epd	0.9865144469529606	0.0	nonessential
b2923	argO	0.9865144469529606	0.0	nonessential
b0048	folA	0.986514446952968	0.0	nonessential
b1606	folM	0.9865144469529686	0.0	nonessential
b0863	artI	0.9865144469529847	0.0	nonessential
b0862	artQ	0.9865144469529847	0.0	nonessential
b0680	glnS	0.9865144469529722	0.0	nonessential
b0864	artP	0.9865144469529847	0.0	nonessential
b3564	xylB	0.9865144469529847	0.0	nonessential
b2310	argT	0.9865144469529847	0.0	nonessential
b2307	hisM	0.9865144469529782	0.0	nonessential
b0348	mhpB	0.9865144469529847	0.0	nonessential
b0861	artM	0.9865144469529692	0.0	nonessential
b2308	hisQ	0.9865144469529847	0.0	nonessential
b2306	hisP	0.9865144469529847	0.0	nonessential
b0860	artJ	0.9865144469529847	0.0	nonessential
b3502	arsB	0.9865144469529572	0.0	nonessential
b1453	ansP	0.9865144469529632	0.0	nonessential
b2303	folX	0.9865144469529572	0.0	nonessential
b0578	nfsB	0.9865144469529572	0.0	nonessential
b0930	asnS	0.9865144469529674	0.0	nonessential
b0674	asnB	0.9865144469529681	0.0	nonessential
b1851	edd	0.9865144469529712	0.0	nonessential
b2957	ansB	0.9865144469529606	0.0	nonessential
b4195	ulaC	0.9865144469529606	0.0	nonessential
b2341	fadJ	0.9865144469529606	0.0	nonessential
b0828	iaaA	0.9865144469529606	0.0	nonessential
b1767	ansA	0.9865144469529606	0.0	nonessential
b0945	pyrD	0.9865144469529606	0.0	nonessential
b3792	wzxE	0.9865144469529652	0.0	nonessential
b3785	wzzE	0.9865144469529606	0.0	nonessential
b3793	wzyE	0.9865144469529606	0.0	nonessential
b4194	ulaB	0.986514446952979	0.0	nonessential
b4193	ulaA	0.9865144469529606	0.0	nonessential
b1850	eda	0.9865144469529606	0.0	nonessential
b0754	aroG	0.9865144469529463	0.0	nonessential
b4122	fumB	0.9865144469529463	0.0	nonessential
b2841	araE	0.9865144469529463	0.0	nonessential
b1901	araF	0.9865144469529463	0.0	nonessential
b2601	aroF	0.9865144469529463	0.0	nonessential
b3526	kdgK	0.9865144469529463	0.0	nonessential
b0604	dsbG	0.9865144469529463	0.0	nonessential
b3909	kdgT	0.9865144469529463	0.0	nonessential
b2541	hcaB	0.9865144469529771	0.0	nonessential
b4460	araH	0.9865144469529463	0.0	nonessential
b4136	dsbD	0.9865144469529463	0.0	nonessential
b1900	araG	0.9865144469529463	0.0	nonessential
b3781	trxA	0.9865144469529463	0.0	nonessential
b2715	ascF	0.9865144469529463	0.0	nonessential
b2344	fadL	0.9865144469529463	0.0	nonessential
b2065	dcd	0.9865144469529463	0.0	nonessential
b2582	trxC	0.9865144469529463	0.0	nonessential
b1734	chbF	0.9865144469529463	0.0	nonessential
b3693	dgoK	0.9865144469529463	0.0	nonessential
b2251	nudI	0.9865144469529882	0.0	nonessential
b1198	dhaM	0.9865144469529882	0.0	nonessential
b1200	dhaK	0.9865144469529882	0.0	nonessential
b1876	argS	0.9865144469529882	0.0	nonessential
b3640	dut	0.9865144469529815	0.0	nonessential
b1199	dhaL	0.9865144469529882	0.0	nonessential
b4384	deoD	0.9865144469529641	0.0	nonessential
b4382	deoA	0.9865144469529442	0.0	nonessential
b1528	ydeA	0.9865144469529463	0.0	nonessential
b2938	speA	0.9865144469529442	0.0	nonessential
b1393	paaF	0.9865144469529442	0.0	nonessential
b1238	tdk	0.9865144469529646	0.0	nonessential
b4117	adiA	0.9865144469529463	0.0	nonessential
b2146	preT	0.9865144469529463	0.0	nonessential
b4115	adiC	0.9865144469529463	0.0	nonessential
b4477	dgoA	0.9865144469529463	0.0	nonessential
b2147	preA	0.9865144469529463	0.0	nonessential
b1704	aroH	0.9865144469529766	0.0	nonessential
b1605	ydgI	0.9865144469529442	0.0	nonessential
b3417	malP	0.9865144469529722	0.0	nonessential
b4130	dtpC	0.9865144469529722	0.0	nonessential
b2097	fbaB	0.9865144469529722	0.0	nonessential
b1326	mpaA	0.9865144469529722	0.0	nonessential
b3428	glgP	0.9865144469529722	0.0	nonessential
b4476	gntU	0.9865144469529722	0.0	nonessential
b2132	bglX	0.9865144469529722	0.0	nonessential
b0344	lacZ	0.9865144469529722	0.0	nonessential
b2378	lpxP	0.9865144469529572	0.0	nonessential
b2257	arnT	0.9865144469529722	0.0	nonessential
b3415	gntT	0.9865144469529722	0.0	nonessential
b2925	fbaA	0.9865144469529722	0.0	nonessential
b0124	gcd	0.9865144469529722	0.0	nonessential
b0837	yliI	0.9865144469529722	0.0	nonessential
b3605	lldD	0.9865144469529722	0.0	nonessential
b0307	ykgF	0.9865144469529722	0.0	nonessential
b0306	ykgE	0.9865144469529722	0.0	nonessential
b1773	ydjI	0.9865144469529722	0.0	nonessential
b2738	ygbL	0.9865144469529722	0.0	nonessential
b3870	glnA	0.9865144469529722	0.0	nonessential
b2800	fucA	0.9865144469529722	0.0	nonessential
b2170	setB	0.9865144469529722	0.0	nonessential
b2803	fucK	0.98651444695298	0.0	nonessential
b3431	glgX	0.9865144469529722	0.0	nonessential
b1621	malX	0.9865144469529722	0.0	nonessential
b0070	setA	0.9865144469529722	0.0	nonessential
b3925	glpX	0.9865144469529722	0.0	nonessential
b2799	fucO	0.9865144469529722	0.0	nonessential
b0709	dtpD	0.9865144469529777	0.0	nonessential
b2930	yggF	0.9865144469529797	0.0	nonessential
b2788	gudX	0.9865144469529722	0.0	nonessential
b1634	dtpA	0.9865144469529722	0.0	nonessential
b4232	fbp	0.9865144469529722	0.0	nonessential
b3496	dtpB	0.9865144469529722	0.0	nonessential
b2787	gudD	0.9865144469529722	0.0	nonessential
b3126	garL	0.9865144469529722	0.0	nonessential
b2802	fucI	0.9865144469529722	0.0	nonessential
b0654	gltJ	0.9865144469529674	0.0	nonessential
b0822	ybiV	0.9865144469529674	0.0	nonessential
b0652	gltL	0.9865144469529674	0.0	nonessential
b1866	aspS	0.9865144469529674	0.0	nonessential
b3946	fsaB	0.9865144469529646	0.0	nonessential
b4139	aspA	0.9865144469529636	0.0	nonessential
b0825	fsaA	0.9865144469529743	0.0	nonessential
b2440	eutC	0.9865144469529842	0.0	nonessential
b0308	ykgG	0.9865144469529722	0.0	nonessential
b2441	eutB	0.9865144469529842	0.0	nonessential
b0002	thrA	0.9865144469529842	0.0	nonessential
b0895	dmsB	0.9865144469529842	0.0	nonessential
b0585	fes	0.9865144469529842	0.0	nonessential
b1589	ynfG	0.9865144469529842	0.0	nonessential
b1588	ynfF	0.9865144469529842	0.0	nonessential
b1590	ynfH	0.9865144469529842	0.0	nonessential
b4024	lysC	0.9865144469529746	0.0	nonessential
b4244	pyrI	0.9865144469529538	0.0	nonessential
b3940	metL	0.9865144469529842	0.0	nonessential
b0459	maa	0.9865144469529722	0.0	nonessential
b3432	glgB	0.9865144469529722	0.0	nonessential
b3350	kefB	0.986514446952981	0.0	nonessential
b0047	kefC	0.9865144469529781	0.0	nonessential
b3882	yihU	0.9865144469529781	0.0	nonessential
b1701	fadK	0.9865144469529781	0.0	nonessential
b1297	puuA	0.9865144469529781	0.0	nonessential
b1301	puuB	0.9865144469529781	0.0	nonessential
b2052	wcaG	0.9865144469529674	0.0	nonessential
b1298	puuD	0.9865144469529696	0.0	nonessential
b2467	nudK	0.9865144469529664	0.0	nonessential
b0842	mdfA	0.9865144469529641	0.0	nonessential
b3747	kup	0.9865144469529674	0.0	nonessential
b2051	wcaH	0.9865144469529674	0.0	nonessential
b0404	acpH	0.9865144469529674	0.0	nonessential
b3650	spoT	0.9865144469529674	0.0	nonessential
b3666	uhpT	0.9865144469529674	0.0	nonessential
b2784	relA	0.9865144469529674	0.0	nonessential
b1805	fadD	0.9865144469529781	0.0	nonessential
