gene	position	annotation	allele	first_gen	ac_at_first	dp_at_first	freq_at_first
mokC	16972	sv	MOB_16972_16974_IS150_1	0	1.94306	337.3	0.005760628520604803
mutT	114028	indel	indel;+C;+G;C;-1;G	1000	1.0	72.0	0.013888888888888888
dnaE	208050	indel	indel;+A;-1	0	3.0	152.0	0.019736842105263157
yahL	317271	nonsense	T->G	52000	1.0	50.0	0.02
yahO	319168	nonsense	T->G	21000	2.0	58.0	0.034482758620689655
prpR	320272	indel	indel;-1	0	2.0	111.0	0.018018018018018018
mhpR	340800	indel	indel;-1	500	2.0	73.0	0.0273972602739726
repeat	347600	sv	junction_347600_-1_349847_-1	2000	3.0	67.1	0.044709388971684055
repeat	347657	indel	indel;+A	5000	1.0	65.0	0.015384615384615385
yaiO	353041	sv	junction_353041_-1_IS1_end	53500	4.0	113.0	0.035398230088495575
dxs	406746	nonsense	C->T	7500	2.0	91.0	0.02197802197802198
repeat	430841	indel	indel;A;C;+G;G;-1;-2	500	1.0	80.0	0.0125
mdlA	442198	indel	indel;-1;+T	0	1.0	180.0	0.005555555555555556
kefA	459398	indel	indel;+A;-1	0	2.0	111.0	0.018018018018018018
ybaL	475288	indel	indel;+G;G;+T	2500	19.0	28.0	0.6785714285714286
copA	482544	indel	indel;-1;+T	4000	3.0	20.0	0.15
ybbN	490300	sv	MOB_490300_490302_IS150_-1	0	1.0	294.0	0.003401360544217687
ppiB	526515	indel	indel;+ATC	24500	6.0	108.0	0.05555555555555555
ybcK	540773	sv	MOB_540773_540780_IS1_1	45000	2.00408	75.9	0.02640421607378129
repeat	555924	sv	junction_555924_1_IS1_start	4500	2.0	78.0	0.02564102564102564
repeat	557524	sv	junction_557524_1_IS1_start	48500	3.0	56.0	0.05357142857142857
cusS	574495	sv	junction_574495_-1_IS150_end	12500	1.0	46.0	0.021739130434782608
cusS	574593	indel	indel;-43	21500	8.0	22.9	0.3493449781659389
cusR	576324	indel	indel;+5;+CTTCGA	10000	2.0	47.5	0.042105263157894736
tatE	641436	sv	junction_641436_1_IS1_start	23000	4.0	51.0	0.0784313725490196
tatE	641537	sv	junction_641537_1_IS1_start	23000	1.0	46.0	0.021739130434782608
hscC	661583	nonsense	G->A	11500	4.0	35.0	0.11428571428571428
ECB_00624	670214	indel	indel;+A;-1;+AA;-2	500	3.0	99.0	0.030303030303030304
asnB	681090	sv	MOB_681090_681095_IS186_-1	0	1.0	194.0	0.005154639175257732
galE	772626	nonsense	A->C	37500	1.0	79.0	0.012658227848101266
ybiX	831855	sv	MOB_831855_831860_IS186_1	1000	1.0	108.0	0.009259259259259259
ybiF	842160	nonsense	A->C	37500	2.0	64.0	0.03125
ybiF	842229	nonsense	A->C	44000	1.0	32.0	0.03125
ybiP	844024	nonsense	A->C	8500	1.0	55.0	0.01818181818181818
ybiR	847206	nonsense	T->G	24500	1.0	103.0	0.009708737864077669
ybjG	875706	indel	indel;+A;-1	4000	4.0	35.0	0.11428571428571428
repeat	887915	sv	junction_887915_1_919754_-1	12000	6.0	141.0	0.0425531914893617
repeat	891204	sv	MOB_891204_891212_IS1_1	53000	1.0	254.0	0.003937007874015748
ybjX	935706	nonsense	C->A	2500	1.0	39.0	0.02564102564102564
cydC	945605	indel	indel;+A;-1	1000	2.0	69.0	0.028985507246376812
pflB	970542	indel	indel;-1	50000	1.0	75.0	0.013333333333333334
cmk	978203	indel	indel;-1	11500	1.0	50.0	0.02
ycbB	998586	sv	MOB_998586_998589_IS150_-1	4500	1.0	198.0	0.005050505050505051
pncB	1006925	sv	MOB_1006925_1006932_IS1_1	45500	2.02756	99.3	0.02041852970795569
ycbQ	1014859	sv	MOB_1014859_1014867_IS1_1	39000	2.0	34.0	0.058823529411764705
ycbU	1019981	indel	indel;-10	16000	1.0	49.5	0.020202020202020204
yccV	1045723	nonsense	A->C	39000	5.0	31.0	0.16129032258064516
appB	1056949	nonsense	T->G	44000	24.0	37.0	0.6486486486486487
yccE	1081202	indel	indel;-2;-1;+T	500	1.0	69.0	0.014492753623188406
ycdC	1091101	indel	indel;-1;+T	14000	4.0	20.0	0.2
ycdC	1091129	nonsense	C->T	5500	2.0	136.0	0.014705882352941176
ycdS	1107001	nonsense	G->T	8000	1.0	72.0	0.013888888888888888
ycdS	1108360	nonsense	A->C	19500	1.0	90.0	0.011111111111111112
repeat	1111909	indel	indel;+A;-1;+AA;-2	0	4.0	93.0	0.043010752688172046
yceK	1128124	indel	indel;-2;-1;+T	5500	1.0	123.0	0.008130081300813009
yceE	1129374	nonsense	A->C	20500	1.0	19.0	0.05263157894736842
plsX	1163124	indel	indel;-1	16500	1.0	95.0	0.010526315789473684
yceG	1169686	indel	indel;+A;-1	4500	1.0	103.0	0.009708737864077669
ycfD	1202982	nonsense	A->C	40000	1.0	23.0	0.043478260869565216
ycgG	1218411	nonsense	T->G	9000	1.0	89.0	0.011235955056179775
ycgL	1227861	nonsense	T->G	22000	1.0	53.0	0.018867924528301886
dhaR	1252540	indel	indel;+G;-1	4500	1.0	68.0	0.014705882352941176
repeat	1269578	sv	junction_1269578_-1_IS150_end	44000	20.0	33.0	0.6060606060606061
repeat	1270660	sv	MOB_1270660_1270663_IS150_1	500	4.0	139.0	0.02877697841726619
chaA	1271836	sv	MOB_1271836_1271844_IS1_-1	25000	5.0	112.0	0.044642857142857144
narK	1278465	indel	indel;-1	4500	1.0	95.0	0.010526315789473684
narG	1280786	sv	junction_1280786_1_IS150_start	23000	2.0	57.0	0.03508771929824561
oppB	1300941	nonsense	T->G	18500	1.0	61.0	0.01639344262295082
tonB	1308791	nonsense	G->T	500	6.0	50.0	0.12
yciA	1309740	nonsense	A->C	45000	1.0	46.0	0.021739130434782608
cysB	1332142	indel	indel;A;G;+T;-1;T;-2	2500	1.0	31.0	0.03225806451612903
pgpB	1337966	nonsense	G->T	21000	1.0	39.0	0.02564102564102564
yciR	1345202	indel	indel;A;C;-1;T;+T	2000	1.0	24.0	0.041666666666666664
sapB	1353050	indel	indel;-1	0	1.0	159.0	0.006289308176100629
ycjV	1379205	nonsense	T->G	29000	10.0	52.0	0.19230769230769232
ycjY	1389400	indel	indel;+GTGATAGC;+7	0	8.0	143.5	0.05574912891986063
mppA	1391825	sv	MOB_1391825_1391831_IS186_1	0	1.00422	224.5	0.004473140311804008
mppA	1392796	sv	junction_1392796_1_1393023_-1	18000	1.0	94.6	0.010570824524312896
ynbD	1451165	nonsense	T->G	35500	3.0	73.0	0.0410958904109589
gapC	1459135	nonsense	A->C	39000	3.0	34.0	0.08823529411764706
hokB	1462251	sv	MOB_1462251_1462253_IS150_1	500	3.0	160.8	0.018656716417910446
yncB	1489277	nonsense	T->G	20500	1.0	45.0	0.022222222222222223
narV	1510611	nonsense	G->T	7500	1.0	66.0	0.015151515151515152
pqqL	1546935	nonsense	A->C	29500	1.0	69.0	0.014492753623188406
pqqL	1546953	nonsense	A->C	31500	1.0	76.0	0.013157894736842105
ydeT	1562913	nonsense	A->C	1000	1.0	93.0	0.010752688172043012
sotB	1584279	nonsense	T->G	37000	5.0	93.0	0.053763440860215055
sotB	1584525	nonsense	T->G	37500	1.0	68.0	0.014705882352941176
ydeE	1590239	nonsense	T->G	27500	2.0	55.0	0.03636363636363636
ynfB	1632978	sv	MOB_1632978_1632986_IS1_-1	3000	1.0	151.7	0.006591957811470007
rstB	1660288	nonsense	T->G	37500	1.0	99.0	0.010101010101010102
gst	1691511	indel	indel;+TT;T+T;T+TT;-1;+T	0	2.0	75.0	0.02666666666666667
nemA	1704153	nonsense	C->T	14500	2.0	35.0	0.05714285714285714
pykF	1733578	indel	indel;+GCACCTG	4500	1.0	43.0	0.023255813953488372
pykF	1733649	sv	MOB_1733649_1733650_IS150_-1	2000	6.97692	49.5	0.1409478787878788
sufB	1740920	indel	indel;-1	4000	1.0	24.0	0.041666666666666664
ydiR	1757727	sv	MOB_1757727_1757729_IS150_1	21500	1.0	102.0	0.00980392156862745
ydiA	1764698	sv	MOB_1764698_1764706_IS1_1	6500	1.0	146.0	0.00684931506849315
ydiA	1764954	indel	indel;-1;G	19000	1.0	74.0	0.013513513513513514
thrS	1779069	nonsense	G->A	16000	1.0	82.0	0.012195121951219513
celA	1798721	nonsense	A->C	27500	2.0	79.0	0.02531645569620253
ydjQ	1800871	nonsense	T->G	45500	2.0	74.0	0.02702702702702703
astE	1803242	nonsense	A->C	36000	1.0	178.0	0.0056179775280898875
ynjI	1821525	sv	MOB_1821525_1821527_IS150_1	4000	1.0	74.7	0.013386880856760375
yeaE	1842670	nonsense	C->A	28000	1.0	72.0	0.013888888888888888
otsA	1958975	indel	indel;-1;-2	4000	1.0	25.0	0.04
shiA	1992582	indel	indel;-1	9000	1.0	74.0	0.013513513513513514
cobS	2002639	nonsense	A->C	34500	9.0	84.0	0.10714285714285714
udk	2075744	indel	indel;+A;-1;-2	1000	1.0	83.0	0.012048192771084338
yegI	2082961	nonsense	A->C	2000	1.0	38.0	0.02631578947368421
yegB	2095122	nonsense	T->G	1000	1.0	69.0	0.014492753623188406
ECB_01992	2103887	indel	indel;+67;+63;+23;+47;+27;+43;+CAGC;+11;+75;+35;+CAGCCAGC;+31;+15;+59;+19;+39;+51;+3;-4;+7;+CAGCCAGCCAGC;+55	0	7.0	159.6	0.04385964912280702
yegV	2136093	nonsense	T->G	10500	1.0	204.0	0.004901960784313725
yegX	2137411	sv	junction_2137411_1_IS1_end	35500	1.00408	50.8	0.019765354330708664
molR	2149904	nonsense	T->G	9500	1.0	65.0	0.015384615384615385
yeiG	2195248	indel	indel;+C;C+CC;-1;+CC;-2	0	6.0	139.0	0.04316546762589928
yeiQ	2218421	nonsense	T->G	48000	1.0	61.0	0.01639344262295082
bcr	2230229	nonsense	A->C	9000	1.0	64.0	0.015625
yejO	2238624	sv	MOB_2238624_2238626_IS150_-1	38500	3.0	54.0	0.05555555555555555
ccmA	2247096	indel	indel;+C;-1;-3	5000	1.0	59.0	0.01694915254237288
ccmA	2247218	nonsense	A->C	11000	1.0	62.0	0.016129032258064516
ompC	2261758	nonsense	G->A	0	1.0	145.0	0.006896551724137931
atoB	2273179	nonsense	T->G	45500	7.0	68.0	0.10294117647058823
yfaL	2290319	nonsense	A->C	42000	5.0	76.0	0.06578947368421052
arnT	2317986	nonsense	T->G	23000	1.0	72.0	0.013888888888888888
menC	2322340	sv	MOB_2322340_2322345_IS186_-1	3000	1.01013	77.7	0.0130003861003861
yfbB	2323662	nonsense	A->C	1500	1.0	14.0	0.07142857142857142
nuoA	2348741	indel	indel;+A;-1;-2	0	1.0	206.0	0.0048543689320388345
accD	2376631	indel	indel;+G;-1	0	1.0	121.0	0.008264462809917356
emrY	2415436	nonsense	A->C	34500	1.0	136.0	0.007352941176470588
ypdD	2436796	sv	junction_2436796_-1_2438152_1	53000	1.0	123.0	0.008130081300813009
yfeA	2450699	nonsense	C->A	4000	1.0	45.0	0.022222222222222223
acrD	2508332	indel	indel;-1;+T	0	1.0	187.0	0.0053475935828877
uraA	2541020	indel	indel;+A;-1;-2	0	1.0	125.0	0.008
pepB	2575904	nonsense	A->C	39500	2.0	13.0	0.15384615384615385
iscR	2582352	nonsense	A->C	31500	2.0	88.0	0.022727272727272728
yfhR	2585162	nonsense	T->G	35000	1.0	49.0	0.02040816326530612
yfiH	2655985	nonsense	A->C	40000	1.0	15.0	0.06666666666666667
yfjD	2670864	nonsense	G->T	31500	1.0	75.0	0.013333333333333334
gabD	2686836	nonsense	T->G	31000	1.0	44.0	0.022727272727272728
tRNA:serV	2713428	sv	junction_2713428_1_IS186_end	5500	1.0	131.0	0.007633587786259542
pphB	2754637	nonsense	T->G	25000	1.0	193.0	0.0051813471502590676
ECB_02621	2792664	indel	indel;-61	26500	4.0	57.9	0.0690846286701209
ECB_02652	2828244	nonsense	A->C	40000	1.0	34.0	0.029411764705882353
recB	2849715	indel	indel;+C;-1;-2	0	4.0	187.0	0.0213903743315508
galR	2872214	sv	junction_2872214_1_2872250_1	4000	1.0	57.0	0.017543859649122806
kduD	2877312	sv	MOB_2877312_2877315_IS150_-1	1000	1.0	222.0	0.0045045045045045045
ygeZ	2896819	nonsense	T->G	38500	1.0	20.0	0.05
xdhD	2907292	nonsense	G->T	49000	1.0	96.0	0.010416666666666666
yggB	2955191	nonsense	A->C	21000	1.0	56.0	0.017857142857142856
mutY	2989164	nonsense	T->G	500	1.0	51.0	0.0196078431372549
ECB_02798	2997454	indel	indel;+A;+AA;-1;-3;-2;A+A	0	7.0	160.0	0.04375
ECB_02798	2997504	sv	junction_2997504_-1_IS1_end	14500	4.0	26.0	0.15384615384615385
ECB_02816	3015771	sv	MOB_3015771_3015774_IS150_1	500	1.0	131.0	0.007633587786259542
ECB_02818	3018168	nonsense	T->G	40500	1.0	48.0	0.020833333333333332
ECB_02821	3021887	indel	indel;+TT;-2;-1;+T	0	3.0	145.0	0.020689655172413793
ECB_02821	3022070	indel	indel;-2;-1;+T	0	1.0	92.0	0.010869565217391304
ECB_02854	3060874	indel	indel;-1	50000	4.0	53.0	0.07547169811320754
yghB	3088258	nonsense	T->G	33000	1.0	94.0	0.010638297872340425
yghB	3088370	indel	indel;+A;-1;-2	0	3.0	140.0	0.02142857142857143
ygiZ	3106478	indel	indel;+A;-1	0	1.0	233.0	0.004291845493562232
ygiC	3114886	nonsense	T->G	28500	9.0	59.0	0.15254237288135594
yhaB	3201012	sv	MOB_3201012_3201020_IS1_-1	56500	2.0	216.0	0.009259259259259259
dacB	3264611	indel	indel;-1	9500	2.0	114.0	0.017543859649122806
mtgA	3284614	nonsense	A->C	53500	4.0	86.0	0.046511627906976744
gltB	3289961	indel	indel;-16	6500	1.0	65.5	0.015267175572519083
gltB	3294098	sv	MOB_3294098_3294106_IS1_1	19000	1.0	108.0	0.009259259259259259
rplN	3375892	indel	indel;-1;+T	500	1.0	95.0	0.010526315789473684
gspA	3382408	nonsense	A->C	17000	1.0	192.0	0.005208333333333333
gspL	3392860	nonsense	T->G	19500	1.0	123.0	0.008130081300813009
yheO	3404346	indel	indel;+A;-1;+AAA;-2	500	1.0	74.0	0.013513513513513514
argD	3417459	indel	indel;-1	1500	2.0	17.0	0.11764705882352941
glgP	3497796	indel	indel;-1	5000	1.0	54.0	0.018518518518518517
yhhA	3517727	nonsense	C->T	9000	1.0	65.0	0.015384615384615385
ftsX	3531719	indel	indel;+9	11500	8.0	47.9	0.16701461377870563
ftsY	3534993	indel	indel;+A;-1;-2	1000	1.0	58.0	0.017241379310344827
yhiJ	3561666	nonsense	A->C	34500	3.0	164.0	0.018292682926829267
yhiO	3570431	sv	junction_3570431_1_IS150_end	6000	2.02372	150.6	0.013437715803452856
yhiP	3572099	nonsense	T->G	10000	1.0	87.0	0.011494252873563218
repeat	3595764	sv	MOB_3595764_3595772_IS1_1	39000	6.0	98.0	0.061224489795918366
malS	3668933	nonsense	T->G	19500	1.0	97.0	0.010309278350515464
yiaT	3686164	sv	MOB_3686164_3686166_IS150_1	6000	4.0	143.0	0.027972027972027972
yibA	3701725	indel	indel;A;C;G;+AA;+A;-1;-2	0	7.0	223.0	0.03139013452914798
yibG	3703302	sv	MOB_3703302_3703310_IS1_-1	30000	4.95951	136.6	0.03630680819912152
ECB_03460	3713828	nonsense	G->T	24500	1.0	101.0	0.009900990099009901
pyrE	3754155	indel	indel;+A;-1	0	3.0	99.0	0.030303030303030304
yicG	3757131	indel	indel;-1	5500	1.0	107.0	0.009345794392523364
yicF	3758152	nonsense	A->C	27000	1.0	73.0	0.0136986301369863
glmU	3875625	indel	indel;+C;+G;C+TT;+TT;-1;+T	1000	84.0	127.0	0.6614173228346457
yieO	3901931	sv	junction_3901931_1_IS150_end	500	56.0	80.0	0.7
yifB	3911660	nonsense	A->C	27000	2.0	89.0	0.02247191011235955
ilvG	3912268	indel	indel;-5;+TT;-1;+T	0	3.0	240.0	0.0125
ppiC	3921708	indel	indel;+TATG	49000	1.0	63.4	0.015772870662460567
tRNA:argX	3944156	indel	indel;+C;-1	9000	1.0	59.0	0.01694915254237288
aslB	3945805	nonsense	G->T	4500	1.0	88.0	0.011363636363636364
rhtB	3972962	nonsense	C->T	13000	2.0	76.0	0.02631578947368421
ysgA	3988837	nonsense	A->C	43000	2.0	53.0	0.03773584905660377
ECB_03723	3993811	sv	junction_3993811_1_IS150_start	5500	2.0	129.0	0.015503875968992248
yihG	4024091	nonsense	A->C	5500	1.0	172.0	0.005813953488372093
rhaT	4079914	indel	indel;+T;-1;-2	0	1.0	174.0	0.005747126436781609
pflC	4126698	indel	indel;C;+T;-1;T;-2	2000	1.0	35.0	0.02857142857142857
yjaH	4180207	indel	indel;C;-1;T;G;-2	0	1.0	153.0	0.006535947712418301
purD	4185476	indel	indel;+94	47000	1.0	52.1	0.019193857965451054
iclR	4202349	sv	junction_4202349_-1_4202661_1	6500	29.0	106.8	0.27153558052434457
metH	4202771	sv	junction_4202771_-1_IS150_end	5500	2.0	118.9	0.01682085786375105
metH	4202793	nonsense	T->G	37500	1.0	98.0	0.01020408163265306
metH	4202848	nonsense	T->G	4000	1.0	38.0	0.02631578947368421
lamB	4227537	nonsense	T->G	8000	1.0	98.0	0.01020408163265306
nrfE	4272032	indel	indel;+G;-1;+GG;-2	0	1.0	209.0	0.004784688995215311
frdA	4359835	nonsense	C->A	5500	1.0	195.0	0.005128205128205128
repeat	4370597	indel	indel;-1	5000	1.0	72.0	0.013888888888888888
cycA	4415710	sv	MOB_4415710_4415712_ISRSO11_-1	6500	10.0	161.8	0.061804697156983925
yjgA	4441127	indel	indel;+A;-1;+AA	0	2.0	161.0	0.012422360248447204
yjgN	4462890	nonsense	T->G	32000	1.0	65.0	0.015384615384615385
yjgN	4463520	nonsense	T->G	45500	4.0	84.0	0.047619047619047616
yjgB	4479338	nonsense	G->A	1500	2.0	27.0	0.07407407407407407
yjhB	4486965	nonsense	T->G	53000	1.0	93.0	0.010752688172043012
ECB_04147	4490493	nonsense	T->G	19000	1.0	64.0	0.015625
repeat	4494496	indel	indel;+G;-1	37500	2.0	108.0	0.018518518518518517
fimA	4524522	sv	MOB_4524522_4524527_IS186_-1	1000	2.0	167.0	0.011976047904191617
hsdS	4558232	sv	junction_4558232_1_IS1_end	17500	3.0	52.0	0.057692307692307696
hsdS	4558413	sv	junction_4558413_1_IS1_end	20500	1.99111	12.9	0.15434961240310077
hsdS	4558685	indel	indel;-5	4500	2.0	95.5	0.020942408376963352
hsdS	4558804	sv	MOB_4558804_4558812_IS1_-1	20000	1.0	20.0	0.05
hsdS	4559341	sv	junction_4559341_1_IS1_end	21000	2.0	28.0	0.07142857142857142
hsdS	4559398	sv	junction_4559398_1_IS1_end	17500	3.0	70.0	0.04285714285714286
mdoB	4587645	indel	indel;+GA;-2	0	2.0	159.0	0.012578616352201259
repeat	4595441	indel	indel;-1;+G;-2	0	2.0	173.0	0.011560693641618497
