gene	position	annotation	allele	first_gen	ac_at_first	dp_at_first	freq_at_first	b_number	gene_id	name	ko_flux	dependency_score	essential
mutT	114028	indel	indel;+C;+G;C;-1;G	1000	1.0	72.0	0.0138888888888888	b0099	b0099	mutT	0.9865144469529769	0.0	nonessential
dxs	406746	nonsense	C->T	7500	2.0	91.0	0.0219780219780219	b0420	b0420	dxs	0.0	1.0	essential
copA	482544	indel	indel;-1;+T	4000	3.0	20.0	0.15	b0484	b0484	copA	0.9865144469529784	0.0	nonessential
hscC	661583	nonsense	G->A	11500	4.0	35.0	0.1142857142857142	b0650	b0650	hscC	0.9865144469529772	0.0	nonessential
asnB	681090	sv	MOB_681090_681095_IS186_-1	0	1.0	194.0	0.0051546391752577	b0674	b0674	asnB	0.986514446952968	0.0	nonessential
galE	772626	nonsense	A->C	37500	1.0	79.0	0.0126582278481012	b0759	b0759	galE	0.9865144469529576	0.0	nonessential
ybjG	875706	indel	indel;+A;-1	4000	4.0	35.0	0.1142857142857142	b0841	b0841	ybjG	0.9865144469529576	0.0	nonessential
cydC	945605	indel	indel;+A;-1	1000	2.0	69.0	0.0289855072463768	b0886	b0886	cydC	0.9865144469529656	0.0	nonessential
pflB	970542	indel	indel;-1	50000	1.0	75.0	0.0133333333333333	b0903	b0903	pflB	0.9865144469529844	0.0	nonessential
cmk	978203	indel	indel;-1	11500	1.0	50.0	0.02	b0910	b0910	cmk	0.984499506780459	0.0020424841906935	nonessential
pncB	1006925	sv	MOB_1006925_1006932_IS1_1	45500	2.02756	99.3	0.0204185297079556	b0931	b0931	pncB	0.9865144469529724	0.0	nonessential
plsX	1163124	indel	indel;-1	16500	1.0	95.0	0.0105263157894736	b1090	b1090	plsX	0.986514446952978	0.0	nonessential
chaA	1271836	sv	MOB_1271836_1271844_IS1_-1	25000	5.0	112.0	0.0446428571428571	b1216	b1216	chaA	0.986514446952966	0.0	nonessential
narK	1278465	indel	indel;-1	4500	1.0	95.0	0.0105263157894736	b1223	b1223	narK	0.9865144469529838	0.0	nonessential
narG	1280786	sv	junction_1280786_1_IS150_start	23000	2.0	57.0	0.0350877192982456	b1224	b1224	narG	0.9865144469529772	0.0	nonessential
oppB	1300941	nonsense	T->G	18500	1.0	61.0	0.0163934426229508	b1244	b1244	oppB	0.986514446952966	0.0	nonessential
tonB	1308791	nonsense	G->T	500	6.0	50.0	0.12	b1252	b1252	tonB	0.0	1.0	essential
pgpB	1337966	nonsense	G->T	21000	1.0	39.0	0.0256410256410256	b1278	b1278	pgpB	0.9865144469529696	0.0	nonessential
mppA	1391825	sv	MOB_1391825_1391831_IS186_1	0	1.00422	224.5	0.004473140311804	b1329	b1329	mppA	0.9865144469529809	0.0	nonessential
mppA	1392796	sv	junction_1392796_1_1393023_-1	18000	1.0	94.6	0.0105708245243128	b1329	b1329	mppA	0.9865144469529809	0.0	nonessential
narV	1510611	nonsense	G->T	7500	1.0	66.0	0.0151515151515151	b1465	b1465	narV	0.9865144469529772	0.0	nonessential
pykF	1733578	indel	indel;+GCACCTG	4500	1.0	43.0	0.0232558139534883	b1676	b1676	pykF	0.9865144469529724	0.0	nonessential
pykF	1733649	sv	MOB_1733649_1733650_IS150_-1	2000	6.97692	49.5	0.1409478787878788	b1676	b1676	pykF	0.9865144469529724	0.0	nonessential
sufB	1740920	indel	indel;-1	4000	1.0	24.0	0.0416666666666666	b1683	b1683	sufB	0.9865144469529764	0.0	nonessential
thrS	1779069	nonsense	G->A	16000	1.0	82.0	0.0121951219512195	b1719	b1719	thrS	0.9865144469529656	0.0	nonessential
astE	1803242	nonsense	A->C	36000	1.0	178.0	0.0056179775280898	b1744	b1744	astE	0.9865144469529772	0.0	nonessential
yeaE	1842670	nonsense	C->A	28000	1.0	72.0	0.0138888888888888	b1781	b1781	yeaE	0.98651444695297	0.0	nonessential
otsA	1958975	indel	indel;-1;-2	4000	1.0	25.0	0.04	b1896	b1896	otsA	0.9865144469529648	0.0	nonessential
shiA	1992582	indel	indel;-1	9000	1.0	74.0	0.0135135135135135	b1981	b1981	shiA	0.9865144469529776	0.0	nonessential
cobS	2002639	nonsense	A->C	34500	9.0	84.0	0.1071428571428571	b1992	b1992	cobS	0.9865144469529584	0.0	nonessential
udk	2075744	indel	indel;+A;-1;-2	1000	1.0	83.0	0.0120481927710843	b2066	b2066	udk	0.9865144469529769	0.0	nonessential
yeiG	2195248	indel	indel;+C;C+CC;-1;+CC;-2	0	6.0	139.0	0.0431654676258992	b2154	b2154	yeiG	0.9865144469529772	0.0	nonessential
ccmA	2247096	indel	indel;+C;-1;-3	5000	1.0	59.0	0.0169491525423728	b2201	b2201	ccmA	0.9865144469529656	0.0	nonessential
ccmA	2247218	nonsense	A->C	11000	1.0	62.0	0.0161290322580645	b2201	b2201	ccmA	0.9865144469529656	0.0	nonessential
ompC	2261758	nonsense	G->A	0	1.0	145.0	0.0068965517241379	b2215	b2215	ompC	0.9865144469529712	0.0	nonessential
atoB	2273179	nonsense	T->G	45500	7.0	68.0	0.1029411764705882	b2224	b2224	atoB	0.9865144469529684	0.0	nonessential
arnT	2317986	nonsense	T->G	23000	1.0	72.0	0.0138888888888888	b2257	b2257	arnT	0.9865144469529722	0.0	nonessential
menC	2322340	sv	MOB_2322340_2322345_IS186_-1	3000	1.01013	77.7	0.0130003861003861	b2261	b2261	menC	0.0	1.0	essential
nuoA	2348741	indel	indel;+A;-1;-2	0	1.0	206.0	0.0048543689320388	b2288	b2288	nuoA	0.8770682414069267	0.1109423241337608	partial
accD	2376631	indel	indel;+G;-1	0	1.0	121.0	0.0082644628099173	b2316	b2316	accD	0.0	1.0	essential
acrD	2508332	indel	indel;-1;+T	0	1.0	187.0	0.0053475935828877	b2470	b2470	acrD	0.986514446952967	0.0	nonessential
uraA	2541020	indel	indel;+A;-1;-2	0	1.0	125.0	0.008	b2497	b2497	uraA	0.986514446952968	0.0	nonessential
pepB	2575904	nonsense	A->C	39500	2.0	13.0	0.1538461538461538	b2523	b2523	pepB	0.9865144469529736	0.0	nonessential
gabD	2686836	nonsense	T->G	31000	1.0	44.0	0.0227272727272727	b2661	b2661	gabD	0.9865144469529772	0.0	nonessential
dacB	3264611	indel	indel;-1	9500	2.0	114.0	0.0175438596491228	b3182	b3182	dacB	0.9865144469529716	0.0	nonessential
gltB	3289961	indel	indel;-16	6500	1.0	65.5	0.015267175572519	b3212	b3212	gltB	0.9865144469529682	0.0	nonessential
gltB	3294098	sv	MOB_3294098_3294106_IS1_1	19000	1.0	108.0	0.0092592592592592	b3212	b3212	gltB	0.9865144469529682	0.0	nonessential
argD	3417459	indel	indel;-1	1500	2.0	17.0	0.1176470588235294	b3359	b3359	argD	0.0	1.0	essential
glgP	3497796	indel	indel;-1	5000	1.0	54.0	0.0185185185185185	b3428	b3428	glgP	0.9865144469529722	0.0	nonessential
malS	3668933	nonsense	T->G	19500	1.0	97.0	0.0103092783505154	b3571	b3571	malS	0.9865144469529848	0.0	nonessential
pyrE	3754155	indel	indel;+A;-1	0	3.0	99.0	0.0303030303030303	b3642	b3642	pyrE	0.0	1.0	essential
glmU	3875625	indel	indel;+C;+G;C+TT;+TT;-1;+T	1000	84.0	127.0	0.6614173228346457	b3730	b3730	glmU	0.0	1.0	essential
rhtB	3972962	nonsense	C->T	13000	2.0	76.0	0.0263157894736842	b3824	b3824	rhtB	0.9865144469529712	0.0	nonessential
rhaT	4079914	indel	indel;+T;-1;-2	0	1.0	174.0	0.0057471264367816	b3907	b3907	rhaT	0.9865144469529682	0.0	nonessential
pflC	4126698	indel	indel;C;+T;-1;T;-2	2000	1.0	35.0	0.0285714285714285	b3952	b3952	pflC	0.9865144469529687	0.0	nonessential
purD	4185476	indel	indel;+94	47000	1.0	52.1	0.019193857965451	b4005	b4005	purD	0.0	1.0	essential
metH	4202771	sv	junction_4202771_-1_IS150_end	5500	2.0	118.9	0.016820857863751	b4019	b4019	metH	0.9865144469529802	0.0	nonessential
metH	4202793	nonsense	T->G	37500	1.0	98.0	0.010204081632653	b4019	b4019	metH	0.9865144469529802	0.0	nonessential
metH	4202848	nonsense	T->G	4000	1.0	38.0	0.0263157894736842	b4019	b4019	metH	0.9865144469529802	0.0	nonessential
lamB	4227537	nonsense	T->G	8000	1.0	98.0	0.010204081632653	b4036	b4036	lamB	0.986514446952978	0.0	nonessential
frdA	4359835	nonsense	C->A	5500	1.0	195.0	0.0051282051282051	b4154	b4154	frdA	0.9865144469529676	0.0	nonessential
cycA	4415710	sv	MOB_4415710_4415712_ISRSO11_-1	6500	10.0	161.8	0.0618046971569839	b4208	b4208	cycA	0.9853932636362248	0.0011365097687922	nonessential
